,state,model,lower_90,pred,upper_90,rho
0,AC,"Model fourier-
gravidade",11727.094374126962,29616.081694577,89764.36844455524,0.9450036002058294
1,AC,Dengue Oracle M1,17599.83316708439,44341.50189219834,120449.39358332763,0.9450036002058294
2,AC,GHR Model,11123.167904322803,25851.24089733831,65064.17197973581,0.9450036002058294
3,AC,LNCC-SURGE-1,12741.9974786331,33730.01780277585,91136.61083930917,0.9450036002058294
4,AC,IMPA-TECH,10787.797488258073,69911.51746222851,589781.617294402,0.9450036002058294
5,AC,CNNLSTM,17366.501140034743,23490.682744987,32497.622469035872,0.9450036002058294
6,AC,LNN-AR_p-1,8911.704758526559,17388.9226249521,35829.095968662536,0.9450036002058294
7,AC,Imperial-TFT Model,4625.459599481558,11941.501694471051,34529.27127896086,0.9450036002058294
8,AC,UERJ-SARIMAX-2,9787.961884626107,20863.261307272038,47507.956600377176,0.9450036002058294
9,AC,Cornell PEH,5023.146656627506,15840.540814772812,60782.99762368277,0.9450036002058294
10,AC,Dengue oracle M2,20065.861926770074,44518.1221513186,103713.13068890446,0.9450036002058294
11,AC,LSTM-RF model,14265.016335212853,52321.352892998424,362052.2083238105,0.9450036002058294
12,AC,LNCC-CLIDENGO-1,7508.494992562673,29131.505472302233,114301.73469238478,0.9450036002058294
13,AC,Beat it,7729.8316532929375,18271.06184475412,45099.21101971088,0.9450036002058294
14,AC,ISI_Dengue_Model,8870.927607561693,13420.284623499949,26621.422287180783,0.9450036002058294
15,AC,TSMixer ZKI-PH4,14435.12736302678,22449.678127576706,39655.61354589821,0.9450036002058294
16,AC,Chronos-Bolt,4835.348933748753,9899.891883521996,22777.261267643487,0.9450036002058294
17,MA,"Model fourier-
gravidade",4327.163128660377,20571.594842213515,119360.52325796004,0.9378789634579978
18,MA,Dengue Oracle M1,22408.82598985997,36866.262392569515,63515.38127740938,0.9378789634579978
19,MA,GHR Model,11667.472668846276,19062.684192025466,32665.624721671742,0.9378789634579978
20,MA,LNCC-SURGE-1,9490.329778576595,18353.219865048322,36913.899286771724,0.9378789634579978
21,MA,IMPA-TECH,16314.772900518683,66410.90153994386,370497.83033166715,0.9378789634579978
22,MA,CNNLSTM,11509.909042570063,16761.92469356471,25674.229650798097,0.9378789634579978
23,MA,LNN-AR_p-1,13003.44312517307,21880.197702291014,38831.57553670187,0.9378789634579978
24,MA,Imperial-TFT Model,6206.620177285327,14723.161334086868,37758.1803343413,0.9378789634579978
25,MA,UERJ-SARIMAX-2,9718.271470869551,18500.920544334924,35065.73343731236,0.9378789634579978
26,MA,Cornell PEH,5563.9803197847,12064.254195453022,29969.683441975267,0.9378789634579978
27,MA,Dengue oracle M2,24009.5572309082,38668.79355070708,62125.21997810215,0.9378789634579978
28,MA,LSTM-RF model,11678.07026524154,30777.288413138398,94732.54611533658,0.9378789634579978
29,MA,LNCC-CLIDENGO-1,5238.45340851972,18043.140800716574,79684.30892403824,0.9378789634579978
30,MA,Beat it,11102.689613378869,21790.2420305184,45179.307807729856,0.9378789634579978
31,MA,ISI_Dengue_Model,14271.15032312014,25087.20619946348,63855.87184281528,0.9378789634579978
32,MA,TSMixer ZKI-PH4,12369.575914529625,16475.381412825496,24775.338011618824,0.9378789634579978
33,MA,Chronos-Bolt,5743.63726867348,10991.01234842566,22856.38946213718,0.9378789634579978
34,PE,"Model fourier-
gravidade",11427.083825163732,54226.567380020904,300839.50604144007,0.9661054587489448
35,PE,Dengue Oracle M1,62363.665153202724,122199.10926317782,246426.87392747652,0.9661054587489448
36,PE,GHR Model,41788.287655344124,87176.94434133987,193717.3829543318,0.9661054587489448
37,PE,LNCC-SURGE-1,32821.89525608493,79460.81579460058,204743.2232754997,0.9661054587489448
38,PE,IMPA-TECH,15890.825570334222,112071.21217874947,999645.4447111848,0.9661054587489448
39,PE,CNNLSTM,54971.645664014686,74073.05700705953,106550.96641607225,0.9661054587489448
40,PE,LNN-AR_p-1,36461.04946462769,66779.34709106787,129053.29995881309,0.9661054587489448
41,PE,Imperial-TFT Model,24222.566209337427,67615.58290795595,213781.6072749776,0.9661054587489448
42,PE,UERJ-SARIMAX-2,23292.687841570507,59712.89048797096,164124.71832267518,0.9661054587489448
43,PE,Cornell PEH,19378.55940852354,52417.05391653233,159023.28609024346,0.9661054587489448
44,PE,Dengue oracle M2,66333.96928673341,121698.2098141095,223851.34356613908,0.9661054587489448
45,PE,LSTM-RF model,26403.77079269651,90086.4835524121,382835.43750849896,0.9661054587489448
46,PE,LNCC-CLIDENGO-1,8998.309361669544,38111.81839549268,205958.11700823982,0.9661054587489448
47,PE,Beat it,42746.23003718591,107755.94753463245,285387.8758409071,0.9661054587489448
48,PE,ISI_Dengue_Model,27450.685668054186,46230.74855958468,104895.6155544476,0.9661054587489448
49,PE,TSMixer ZKI-PH4,20679.790774161156,35928.416793189725,69856.80850210802,0.9661054587489448
50,PE,Chronos-Bolt,47789.90345304037,88752.62475164284,165233.61316749203,0.9661054587489448
51,TO,"Model fourier-
gravidade",7215.040221674794,21415.623077870572,71273.1677627636,0.9588997280809795
52,TO,Dengue Oracle M1,13159.806823079753,26715.880654484834,55309.025208707964,0.9588997280809795
53,TO,GHR Model,19368.828352248678,38143.9219401824,73669.10095227178,0.9588997280809795
54,TO,LNCC-SURGE-1,11859.74648404987,23477.947678932826,47740.35899131863,0.9588997280809795
55,TO,IMPA-TECH,14809.99532775147,52071.09707058039,243407.0304644414,0.9588997280809795
56,TO,CNNLSTM,18214.977852050666,23299.768601804673,30526.58396040792,0.9588997280809795
57,TO,LNN-AR_p-1,9899.310995835454,18317.064660893302,34359.33172831527,0.9588997280809795
58,TO,Imperial-TFT Model,9128.11198988396,17957.64955771112,37478.576896769024,0.9588997280809795
59,TO,UERJ-SARIMAX-2,10715.213624973816,20780.95145708366,41053.79579775749,0.9588997280809795
60,TO,Cornell PEH,7461.919646632699,16707.85744340886,38441.05549659674,0.9588997280809795
61,TO,Dengue oracle M2,12332.827542471083,24048.425410939693,48185.23215198858,0.9588997280809795
62,TO,LSTM-RF model,20986.000376577656,57750.362934379795,341369.68394722365,0.9588997280809795
63,TO,LNCC-CLIDENGO-1,3174.64827570182,12075.350731364424,52462.4498817369,0.9588997280809795
64,TO,Beat it,11096.182799250964,25180.52715037163,61044.039255852855,0.9588997280809795
65,TO,ISI_Dengue_Model,20050.37405886112,30521.00988837303,61497.02708231623,0.9588997280809795
66,TO,TSMixer ZKI-PH4,12309.096292283699,23848.0847446985,50693.62652382697,0.9588997280809795
67,TO,Chronos-Bolt,17780.41748548213,30016.041016037387,51956.62355787471,0.9588997280809795
68,DF,"Model fourier-
gravidade",22783.50865044252,63764.29374504338,213199.94613075053,0.9605100890298496
69,DF,Dengue Oracle M1,50220.95135464903,129087.34221909393,391523.0503716238,0.9605100890298496
70,DF,GHR Model,6610.814405779193,46380.07543205068,368931.26848887803,0.9605100890298496
71,DF,LNCC-SURGE-1,19801.263063146405,67442.81398866852,265521.1236301638,0.9605100890298496
72,DF,IMPA-TECH,64782.554080422866,338405.9353500316,2057352.8845117656,0.9605100890298496
73,DF,CNNLSTM,47735.80853031373,60860.36234818984,82940.34211317037,0.9605100890298496
74,DF,LNN-AR_p-1,46272.05458569086,113965.63991033754,290230.7607054432,0.9605100890298496
75,DF,Imperial-TFT Model,29154.687508618237,69821.38882557653,176040.06091073636,0.9605100890298496
76,DF,UERJ-SARIMAX-2,40225.74522701189,108790.86493943413,389995.1215785069,0.9605100890298496
77,DF,Cornell PEH,9771.080765487965,31800.190017017092,116995.21043171699,0.9605100890298496
78,DF,Dengue oracle M2,48626.20048625675,100680.18320859422,214870.20970051672,0.9605100890298496
79,DF,LSTM-RF model,47384.40181248252,158895.14292225352,837598.3564026146,0.9605100890298496
80,DF,LNCC-CLIDENGO-1,2708.2311728375357,11455.811759909146,56288.26267135025,0.9605100890298496
81,DF,Beat it,25146.496470180788,99913.41848471764,418781.11569893255,0.9605100890298496
82,DF,ISI_Dengue_Model,7656.290743294291,20789.434621716657,95303.65021050775,0.9605100890298496
83,DF,TSMixer ZKI-PH4,46471.084040142356,83780.49389604176,256993.6515381453,0.9605100890298496
84,DF,Chronos-Bolt,187445.1685755136,449195.36753489956,1181651.660871576,0.9605100890298496
85,PB,"Model fourier-
gravidade",7193.271522094867,28848.573810956146,137008.9953749162,0.9623530546591114
86,PB,Dengue Oracle M1,23787.073824139366,43012.92811079006,80482.32530742126,0.9623530546591114
87,PB,GHR Model,31647.31481737343,58214.35224266176,116666.66600697568,0.9623530546591114
88,PB,LNCC-SURGE-1,18274.552779937716,38874.267826276075,80632.43795011606,0.9623530546591114
89,PB,IMPA-TECH,22113.04035535542,143257.6787485027,1479105.8076363276,0.9623530546591114
90,PB,CNNLSTM,27618.969861759117,36870.44614964703,50856.47290252034,0.9623530546591114
91,PB,LNN-AR_p-1,14853.872818775002,26950.05673142947,51715.30759727059,0.9623530546591114
92,PB,Imperial-TFT Model,12542.5903049874,37251.51411146832,116742.18981709158,0.9623530546591114
93,PB,UERJ-SARIMAX-2,14875.500651703247,32080.87701305074,74608.13492850139,0.9623530546591114
94,PB,Cornell PEH,13037.648301682013,28894.38606025646,68355.03106051931,0.9623530546591114
95,PB,Dengue oracle M2,32476.285814286563,54420.71147711102,92858.01288725829,0.9623530546591114
96,PB,LSTM-RF model,19121.068732318323,72541.68295195553,409591.8316508445,0.9623530546591114
97,PB,LNCC-CLIDENGO-1,8798.145755199954,41128.70550580893,245733.08656749915,0.9623530546591114
98,PB,Beat it,27865.562510093594,60527.30069002613,142256.84212582302,0.9623530546591114
99,PB,ISI_Dengue_Model,33400.518626869045,55872.858146815895,117805.2390985665,0.9623530546591114
100,PB,TSMixer ZKI-PH4,33858.362712106435,46973.02163121088,78315.03325675978,0.9623530546591114
101,PB,Chronos-Bolt,22417.1174972333,36557.44028050844,62793.67612561678,0.9623530546591114
102,RO,"Model fourier-
gravidade",4543.407718005443,12813.875813342725,45730.13958319398,0.9253877518252092
103,RO,Dengue Oracle M1,19835.880442923288,34409.83048847588,61644.185250171206,0.9253877518252092
104,RO,GHR Model,12230.533202608704,18828.651219688185,29658.112679732334,0.9253877518252092
105,RO,LNCC-SURGE-1,7204.431434856887,16350.646260168916,41974.4644332396,0.9253877518252092
106,RO,IMPA-TECH,22924.518022960292,90178.90858681983,456297.98575202544,0.9253877518252092
107,RO,CNNLSTM,8904.378871289511,11548.297352956479,15259.104926617287,0.9253877518252092
108,RO,LNN-AR_p-1,8176.782485314388,14809.51671254675,27842.937481003028,0.9253877518252092
109,RO,Imperial-TFT Model,5893.406411262005,14179.308602474752,39150.95539737123,0.9253877518252092
110,RO,UERJ-SARIMAX-2,7116.576253460476,12571.685665034176,23886.6411923406,0.9253877518252092
111,RO,Cornell PEH,3269.9840767230903,8376.147318554136,29555.377839004035,0.9253877518252092
112,RO,Dengue oracle M2,19321.696101576952,32460.719373000346,53832.24502193766,0.9253877518252092
113,RO,LSTM-RF model,9891.652916125124,29458.99919906829,118976.6643027928,0.9253877518252092
114,RO,LNCC-CLIDENGO-1,8041.978237377684,26685.285919349713,102648.28207444269,0.9253877518252092
115,RO,Beat it,7499.398872480395,16786.661390943933,40346.39320606758,0.9253877518252092
116,RO,ISI_Dengue_Model,12610.071524719486,20377.511145554294,42981.407082181744,0.9253877518252092
117,RO,TSMixer ZKI-PH4,11769.242230390526,18071.343377093115,31169.802394402694,0.9253877518252092
118,RO,Chronos-Bolt,4522.17807105726,9445.442437351881,22157.14243352858,0.9253877518252092
119,RJ,"Model fourier-
gravidade",6390.831133465749,53806.048470274894,517984.1960890142,0.9831517581364922
120,RJ,Dengue Oracle M1,146519.43770769646,337201.26818019757,808332.2162522204,0.9831517581364922
121,RJ,GHR Model,39418.7320264441,88677.62980082165,200927.4136721988,0.9831517581364922
122,RJ,LNCC-SURGE-1,20082.919409854883,141397.12100428806,950896.5306129185,0.9831517581364922
123,RJ,IMPA-TECH,35645.34708656967,507998.574191705,9540422.5237297,0.9831517581364922
124,RJ,CNNLSTM,140801.7624230218,191767.226070188,292285.8067117181,0.9831517581364922
125,RJ,LNN-AR_p-1,44820.91506625693,114074.4296960596,302946.8706370502,0.9831517581364922
126,RJ,Imperial-TFT Model,20271.295464145358,92859.14558035845,608432.4364062598,0.9831517581364922
127,RJ,UERJ-SARIMAX-2,53037.058663822056,172910.14026493975,563754.3355223316,0.9831517581364922
128,RJ,Cornell PEH,19694.308392030813,66006.83264128154,239359.86672253397,0.9831517581364922
129,RJ,Dengue oracle M2,160628.65530605384,306310.5264475022,678753.2292497434,0.9831517581364922
130,RJ,LSTM-RF model,14736.627430827142,95123.75315008238,999171.8575805988,0.9831517581364922
131,RJ,LNCC-CLIDENGO-1,4309.186389525936,32664.19850434021,256983.495923947,0.9831517581364922
132,RJ,Beat it,10833.326104023754,60612.34950111537,354693.0789370293,0.9831517581364922
133,RJ,ISI_Dengue_Model,7012.860197609659,50228.79985409309,884380.5975560693,0.9831517581364922
134,RJ,TSMixer ZKI-PH4,69196.61797950989,121578.46332757038,306673.97475099575,0.9831517581364922
135,RJ,Chronos-Bolt,15190.002184720846,48321.160639196896,190745.35505676342,0.9831517581364922
136,AL,"Model fourier-
gravidade",7967.332877818247,29514.481594626184,124831.72145423954,0.9637796448329552
137,AL,Dengue Oracle M1,20316.510433674233,40792.451032464174,85808.57238847169,0.9637796448329552
138,AL,GHR Model,20594.70442503463,40400.253835846364,81645.638618139,0.9637796448329552
139,AL,LNCC-SURGE-1,15537.607807868595,41994.126460502695,125122.73495887262,0.9637796448329552
140,AL,IMPA-TECH,40689.97894949029,260123.46246406145,2516716.44235383,0.9637796448329552
141,AL,CNNLSTM,24976.564762435097,31940.09854954529,43333.481991557055,0.9637796448329552
142,AL,LNN-AR_p-1,16780.57619549761,35972.90683213657,78835.34407762531,0.9637796448329552
143,AL,Imperial-TFT Model,18607.15158713953,60501.72965803607,211293.43473324232,0.9637796448329552
144,AL,UERJ-SARIMAX-2,30169.4007394828,61494.737291281155,135975.98320999264,0.9637796448329552
145,AL,Cornell PEH,8027.458867872772,25139.018782312713,89216.36735747883,0.9637796448329552
146,AL,Dengue oracle M2,30686.576739557175,56234.96929122176,102567.51945567809,0.9637796448329552
147,AL,LSTM-RF model,19357.564358530886,71287.35327553541,329718.10241935664,0.9637796448329552
148,AL,LNCC-CLIDENGO-1,725.7525379947755,1742.6336556252631,4688.89958543141,0.9637796448329552
149,AL,Beat it,12464.925419631994,41160.28237598908,147177.44433772247,0.9637796448329552
150,AL,ISI_Dengue_Model,24316.05895078856,36371.93727739826,70765.52253093103,0.9637796448329552
151,AL,TSMixer ZKI-PH4,22735.383259392296,33551.5459740753,63602.013348617096,0.9637796448329552
152,AL,Chronos-Bolt,26028.210308076086,47801.41026579419,90304.85390305288,0.9637796448329552
153,GO,"Model fourier-
gravidade",182000.57878720312,366775.593046976,854203.4585948426,0.9692759243267128
154,GO,Dengue Oracle M1,182654.8074227449,277360.16937187966,427639.7031971286,0.9692759243267128
155,GO,GHR Model,263241.4770278509,489582.12370227196,953039.9578735665,0.9692759243267128
156,GO,LNCC-SURGE-1,140489.4810569625,288153.44105403015,597406.3905931078,0.9692759243267128
157,GO,IMPA-TECH,365261.7055227921,849722.7071373838,2304502.0785352415,0.9692759243267128
158,GO,CNNLSTM,211059.12314571728,255903.7061941766,323702.01831892494,0.9692759243267128
159,GO,LNN-AR_p-1,183938.80405075283,300083.5880559572,489153.5119549272,0.9692759243267128
160,GO,Imperial-TFT Model,218522.27812142475,448248.632986554,974091.3685794075,0.9692759243267128
161,GO,UERJ-SARIMAX-2,212944.12970405392,383521.61380646296,735330.097516254,0.9692759243267128
162,GO,Cornell PEH,136175.02882382035,233192.70312355607,415362.9934061078,0.9692759243267128
163,GO,Dengue oracle M2,191213.02683434656,272040.74329797085,392745.3650447131,0.9692759243267128
164,GO,LSTM-RF model,53462.3564860398,199706.2038459588,1160185.1726234525,0.9692759243267128
165,GO,LNCC-CLIDENGO-1,10344.474239565892,51401.50827926327,286630.80904707004,0.9692759243267128
166,GO,Beat it,229675.38980597255,356683.16905190947,558757.575279659,0.9692759243267128
167,GO,ISI_Dengue_Model,318546.8811843147,474373.0421657392,919503.3697206655,0.9692759243267128
168,GO,TSMixer ZKI-PH4,129710.82993282093,254728.6115425588,635718.4792146871,0.9692759243267128
169,GO,Chronos-Bolt,220102.753079081,383509.39404311916,695661.3607260432,0.9692759243267128
170,RN,"Model fourier-
gravidade",11358.974746144553,39227.78168436351,149024.2275514952,0.9638594769139932
171,RN,Dengue Oracle M1,28807.32287241023,61951.67607040971,137067.9560462997,0.9638594769139932
172,RN,GHR Model,28395.7314149113,54538.30936677215,112187.39443786102,0.9638594769139932
173,RN,LNCC-SURGE-1,25340.65481464722,61066.58083444112,146039.77060199363,0.9638594769139932
174,RN,IMPA-TECH,25454.15508953913,241888.68095612954,4816970.42492415,0.9638594769139932
175,RN,CNNLSTM,44289.63505183438,57041.18443415224,78093.90944053758,0.9638594769139932
176,RN,LNN-AR_p-1,32070.034189795995,62391.18257840723,127470.76458545502,0.9638594769139932
177,RN,Imperial-TFT Model,20562.171541173353,60653.893935301,201299.8182894344,0.9638594769139932
178,RN,UERJ-SARIMAX-2,28884.432954621698,62994.337520905814,138060.2344280333,0.9638594769139932
179,RN,Cornell PEH,14411.685410471728,37150.92431018667,110125.855206304,0.9638594769139932
180,RN,Dengue oracle M2,37151.70041504012,72026.45246227941,149116.54615400737,0.9638594769139932
181,RN,LSTM-RF model,14254.15948379966,53443.613887588785,283414.36730875744,0.9638594769139932
182,RN,LNCC-CLIDENGO-1,6292.792581820598,26713.22189396253,140099.33715129018,0.9638594769139932
183,RN,Beat it,23567.61256436621,63017.25510882701,187545.5354114604,0.9638594769139932
184,RN,ISI_Dengue_Model,34941.882026396765,53616.2587445556,113967.31032046262,0.9638594769139932
185,RN,TSMixer ZKI-PH4,20293.52560472452,33963.560499454295,70812.54858076689,0.9638594769139932
186,RN,Chronos-Bolt,25147.676561205237,49766.207378403255,106407.83989036891,0.9638594769139932
187,SC,"Model fourier-
gravidade",7592.497702120328,31308.418926310063,159073.22976882156,0.9121451736404522
188,SC,Dengue Oracle M1,149630.5744985354,258900.44470610056,498360.8054519917,0.9121451736404522
189,SC,GHR Model,56884.91820061101,97183.52113887697,170534.91173153772,0.9121451736404522
190,SC,LNCC-SURGE-1,4505.779894564966,47416.19318246211,776466.7659086075,0.9121451736404522
191,SC,IMPA-TECH,1300234.1547105052,15241741.28865696,358881111.26136976,0.9121451736404522
192,SC,CNNLSTM,29542.668401827712,39784.22612357589,63821.62074250566,0.9121451736404522
193,SC,LNN-AR_p-1,98601.80704166125,292196.55008998024,1125745.873774076,0.9121451736404522
194,SC,Imperial-TFT Model,16645.982068878962,45768.45685419813,146262.0510914497,0.9121451736404522
195,SC,UERJ-SARIMAX-2,386796.5518862035,840343.4539576404,2037953.9870830795,0.9121451736404522
196,SC,Cornell PEH,2764.3191574467837,10448.303642199218,59128.25149185239,0.9121451736404522
197,SC,Dengue oracle M2,227031.00742492426,296593.5084700758,395676.31024962617,0.9121451736404522
198,SC,LSTM-RF model,28377.847445303458,126071.28256834418,927506.4791587194,0.9121451736404522
199,SC,LNCC-CLIDENGO-1,2088.3943330926804,7045.434872830641,27798.137053432678,0.9121451736404522
200,SC,Beat it,41108.39190551987,167827.92430622433,923487.961510567,0.9121451736404522
201,SC,ISI_Dengue_Model,1373450.9581210841,1790019.5133087495,2671135.3910422414,0.9121451736404522
202,SC,TSMixer ZKI-PH4,166801.34681375133,307233.4000371067,731435.589840527,0.9121451736404522
203,SC,Chronos-Bolt,400209.55574436666,814851.078721697,1777555.9840239012,0.9121451736404522
204,PR,"Model fourier-
gravidade",13978.389128850315,71410.58846195831,455218.4824533847,0.979600476686332
205,PR,Dengue Oracle M1,252074.72403982127,468107.6540753717,957008.332972391,0.979600476686332
206,PR,GHR Model,227526.85931779523,399154.7953909911,716541.2173381777,0.979600476686332
207,PR,LNCC-SURGE-1,17890.84139443749,164846.0251204122,2058765.9392295699,0.979600476686332
208,PR,IMPA-TECH,346108.7711815188,4860633.562457295,110412583.07059067,0.979600476686332
209,PR,CNNLSTM,145895.8670139804,193889.8678891818,285245.6086400244,0.979600476686332
210,PR,LNN-AR_p-1,86840.70916714985,327692.5717414714,1408594.152035838,0.979600476686332
211,PR,Imperial-TFT Model,50560.80497404734,193808.84942776203,760170.278087537,0.979600476686332
212,PR,UERJ-SARIMAX-2,247581.58390760559,816477.9530185024,2984543.0391477123,0.979600476686332
213,PR,Cornell PEH,24553.781942486603,71618.40644900323,211721.63830715875,0.979600476686332
214,PR,Dengue oracle M2,360332.77559476456,502842.3633160725,755040.0995462843,0.979600476686332
215,PR,LSTM-RF model,98062.89454016095,294765.18903721427,1437224.6622903156,0.979600476686332
216,PR,LNCC-CLIDENGO-1,33098.38856878809,54196.956506371105,94503.024697808,0.979600476686332
217,PR,Beat it,78373.9803989348,341703.87874692853,1433257.7761755162,0.979600476686332
218,PR,ISI_Dengue_Model,253535.00520379454,430330.9468484214,1440652.378151929,0.979600476686332
219,PR,TSMixer ZKI-PH4,153985.69613249192,398916.7599797086,1823629.9656357523,0.979600476686332
220,PR,Chronos-Bolt,160131.67170964117,400325.0607633171,1096647.056065699,0.979600476686332
221,SP,"Model fourier-
gravidade",63558.21761457484,303156.29230557935,2046280.0692541017,0.9857719149995354
222,SP,Dengue Oracle M1,924962.3138650391,1632119.3813608908,3007204.2442727275,0.9857719149995354
223,SP,GHR Model,1005994.4227667591,1453362.499983653,2121764.7483923826,0.9857719149995354
224,SP,LNCC-SURGE-1,101512.79786476286,678150.9301579114,4752200.184209421,0.9857719149995354
225,SP,IMPA-TECH,919045.5883656444,15079213.970244681,269673818.5113861,0.9857719149995354
226,SP,CNNLSTM,503952.066405873,660821.4236672345,942715.137798095,0.9857719149995354
227,SP,LNN-AR_p-1,288356.3561516395,954608.0015468438,3407136.1622412335,0.9857719149995354
228,SP,Imperial-TFT Model,177526.08894314678,634889.4167373127,2372375.268223888,0.9857719149995354
229,SP,UERJ-SARIMAX-2,1282477.5562808728,5497194.084183151,24082679.80687891,0.9857719149995354
230,SP,Cornell PEH,213531.1385512142,360819.3824917227,665029.9424751203,0.9857719149995354
231,SP,Dengue oracle M2,1133703.6186005208,1617068.663535153,2350031.2990721706,0.9857719149995354
232,SP,LSTM-RF model,231017.07984570038,557748.6477159307,2277835.991211105,0.9857719149995354
233,SP,LNCC-CLIDENGO-1,17349.52576118411,107270.73779381774,1096056.836600911,0.9857719149995354
234,SP,Beat it,355307.8547167584,1008577.0504721007,3183220.855607164,0.9857719149995354
235,SP,ISI_Dengue_Model,680914.3464435982,1203076.2355684666,5847009.252187294,0.9857719149995354
236,SP,TSMixer ZKI-PH4,407369.45012683107,894614.8051772255,3357443.996455095,0.9857719149995354
237,SP,Chronos-Bolt,1356270.1851601384,3151195.7110135006,8249641.638917937,0.9857719149995354
238,AP,"Model fourier-
gravidade",1807.7496921254076,5359.468232097023,16955.507278463185,0.9173694277661132
239,AP,Dengue Oracle M1,4101.733436466324,7974.513163831984,16164.387369643373,0.9173694277661132
240,AP,GHR Model,572.2511806626859,1170.6494818605902,2765.3191172138727,0.9173694277661132
241,AP,LNCC-SURGE-1,1619.2877683512281,4163.291264454027,10471.341669558702,0.9173694277661132
242,AP,IMPA-TECH,8817.816275390906,37754.33782259349,213154.29535041272,0.9173694277661132
243,AP,CNNLSTM,2333.2764225584137,3418.6975472764243,5192.390961341972,0.9173694277661132
244,AP,LNN-AR_p-1,1890.1157600254653,4177.109836652133,10230.315347080346,0.9173694277661132
245,AP,Imperial-TFT Model,454.27813363778097,1022.3115477476763,2525.838463560902,0.9173694277661132
246,AP,UERJ-SARIMAX-2,3092.7658138986367,5481.141253795763,10048.081606112224,0.9173694277661132
247,AP,Cornell PEH,1171.4893374750084,2828.2361683316267,8122.265511803425,0.9173694277661132
248,AP,Dengue oracle M2,4436.25980495472,8285.745061747526,16555.709541312834,0.9173694277661132
249,AP,LSTM-RF model,7446.9843384925925,30299.228089715194,217831.8229352804,0.9173694277661132
250,AP,LNCC-CLIDENGO-1,8311.68768495509,24716.151155126157,89823.36251205973,0.9173694277661132
251,AP,Beat it,916.3537905250316,2555.688624371919,9001.248910064654,0.9173694277661132
252,AP,ISI_Dengue_Model,9609.104228273405,15227.505718078237,25700.097879852787,0.9173694277661132
253,AP,TSMixer ZKI-PH4,3737.8525761641595,6135.260950906946,12442.497904596486,0.9173694277661132
254,AP,Chronos-Bolt,1496.797431999245,3263.3005430683434,9289.144883696688,0.9173694277661132
255,PI,"Model fourier-
gravidade",5475.833269327431,21709.209705057998,94016.58508245874,0.9496235484541217
256,PI,Dengue Oracle M1,16413.174898693087,32779.40742608502,68686.53589347673,0.9496235484541217
257,PI,GHR Model,20678.785549638127,40334.77677741753,84096.96802535234,0.9496235484541217
258,PI,LNCC-SURGE-1,11628.103414668303,23098.67023965926,46944.74532194864,0.9496235484541217
259,PI,IMPA-TECH,53749.129182273944,290967.851715616,2597195.8196707116,0.9496235484541217
260,PI,CNNLSTM,17316.243251418015,22634.538592791883,31541.433602347483,0.9496235484541217
261,PI,LNN-AR_p-1,18080.344498635997,28156.015385675164,46510.9137956476,0.9496235484541217
262,PI,Imperial-TFT Model,12870.829293084416,25175.823821430684,53388.780565459696,0.9496235484541217
263,PI,UERJ-SARIMAX-2,15230.169861741639,27180.78814024607,49838.873596032354,0.9496235484541217
264,PI,Cornell PEH,8017.790111769458,16669.529535967165,40351.967950748214,0.9496235484541217
265,PI,Dengue oracle M2,25350.31006313029,45432.96775437769,84307.03963414101,0.9496235484541217
266,PI,LSTM-RF model,20693.346857793727,66361.63487675911,307445.87967919646,0.9496235484541217
267,PI,LNCC-CLIDENGO-1,4881.42058887205,18792.826750661818,85769.47987479725,0.9496235484541217
268,PI,Beat it,12890.388377915142,24782.04639802256,46481.71191254013,0.9496235484541217
269,PI,ISI_Dengue_Model,19783.91434947417,37657.60978090849,72691.1255957109,0.9496235484541217
270,PI,TSMixer ZKI-PH4,15194.255909981715,26868.30051313236,56636.79018990531,0.9496235484541217
271,PI,Chronos-Bolt,13111.388710350227,28223.626935808083,63187.77920547903,0.9496235484541217
272,MG,"Model fourier-
gravidade",86417.98049157414,245256.6967015603,896500.8524543117,0.9711452633339298
273,MG,Dengue Oracle M1,813022.7924377547,1266573.2253849357,2057809.425217881,0.9711452633339298
274,MG,GHR Model,700731.1149904842,987918.6119350756,1414829.9167167477,0.9711452633339298
275,MG,LNCC-SURGE-1,110473.35347657553,522039.18495589355,2603823.506125662,0.9711452633339298
276,MG,IMPA-TECH,428937.3851441776,3196829.936442938,26448595.134487078,0.9711452633339298
277,MG,CNNLSTM,382463.6607262388,493869.2033936097,701618.5339677319,0.9711452633339298
278,MG,LNN-AR_p-1,151554.94578433773,331379.3220317985,699835.8998951623,0.9711452633339298
279,MG,Imperial-TFT Model,105020.793022564,340534.8989650573,1333564.3535343634,0.9711452633339298
280,MG,UERJ-SARIMAX-2,312234.79926585534,898785.775672748,2719305.425187946,0.9711452633339298
281,MG,Cornell PEH,161161.7510586072,274617.6292580513,482532.3641232984,0.9711452633339298
282,MG,Dengue oracle M2,757052.2619111981,1086639.7075101514,1663010.4701398474,0.9711452633339298
283,MG,LSTM-RF model,206285.83262174416,447155.08325366676,1679330.1962020667,0.9711452633339298
284,MG,LNCC-CLIDENGO-1,4804.367763435727,22684.941440992057,116525.87617744275,0.9711452633339298
285,MG,Beat it,341502.62515630265,842807.2120867462,2081947.6676978543,0.9711452633339298
286,MG,ISI_Dengue_Model,219514.4527941126,334556.80290996644,861405.2719521854,0.9711452633339298
287,MG,TSMixer ZKI-PH4,258101.2145389139,555594.5154053422,1716272.987450396,0.9711452633339298
288,MG,Chronos-Bolt,443431.2836953475,1090479.9064099998,2964707.0041403216,0.9711452633339298
289,RR,"Model fourier-
gravidade",2179.991139311184,5207.722092268108,14954.647966382443,0.8915617888375483
290,RR,Dengue Oracle M1,3156.27441407562,7128.288522591015,17962.651083852084,0.8915617888375483
291,RR,GHR Model,757.6445999625037,1441.2856530409126,3187.644731708091,0.8915617888375483
292,RR,LNCC-SURGE-1,1747.6306546859196,4001.6572878604393,10304.747792295742,0.8915617888375483
293,RR,IMPA-TECH,805.6472094494634,5681.5732899276845,68310.47528769815,0.8915617888375483
294,RR,CNNLSTM,1306.467675661275,2002.3414077203547,3160.754314058374,0.8915617888375483
295,RR,LNN-AR_p-1,721.1177829839137,1637.0589364738644,4106.151314862909,0.8915617888375483
296,RR,Imperial-TFT Model,553.3183370975464,1321.4695361778927,3791.100363439478,0.8915617888375483
297,RR,UERJ-SARIMAX-2,1563.7222645002425,2281.36708463144,3470.023922903981,0.8915617888375483
298,RR,Cornell PEH,1342.3521620509662,2936.425375911942,7175.290727567788,0.8915617888375483
299,RR,Dengue oracle M2,4070.2163769449603,8122.890678769609,17337.769006038645,0.8915617888375483
300,RR,LSTM-RF model,2946.0599242619974,7904.032215269763,48034.63944345766,0.8915617888375483
301,RR,LNCC-CLIDENGO-1,6984.85590033441,22302.833416024827,100418.86825888763,0.8915617888375483
302,RR,Beat it,467.3871487413215,1249.9632718581834,3737.9902187395933,0.8915617888375483
303,RR,ISI_Dengue_Model,155.193500165682,442.54733765902324,3810.454662674923,0.8915617888375483
304,RR,TSMixer ZKI-PH4,430.12880358071175,646.0180580285294,1160.006683246658,0.8915617888375483
305,RR,Chronos-Bolt,364.7636340559277,709.353401325015,1654.328097397229,0.8915617888375483
306,MS,"Model fourier-
gravidade",24578.108502341143,64149.58117563794,208021.12593918567,0.9581451098530427
307,MS,Dengue Oracle M1,95954.1997894807,159890.91858393114,274123.31408122863,0.9581451098530427
308,MS,GHR Model,77139.23650094542,140145.40256974328,264752.4029590133,0.9581451098530427
309,MS,LNCC-SURGE-1,25912.10832393503,101677.1684099156,439136.3822001459,0.9581451098530427
310,MS,IMPA-TECH,59431.206522084656,452776.54174372606,5457236.979842416,0.9581451098530427
311,MS,CNNLSTM,67712.643324328,84585.58762940219,111207.58149906366,0.9581451098530427
312,MS,LNN-AR_p-1,20681.704712716244,49206.8364318526,112873.80283794379,0.9581451098530427
313,MS,Imperial-TFT Model,35421.844161325396,92761.31682247753,269236.0886520392,0.9581451098530427
314,MS,UERJ-SARIMAX-2,29972.535833436177,75710.60725222135,195976.97496241104,0.9581451098530427
315,MS,Cornell PEH,12802.478635230844,39789.880034283386,137587.5435205446,0.9581451098530427
316,MS,Dengue oracle M2,109437.21580413468,183777.29770818702,320628.45466846076,0.9581451098530427
317,MS,LSTM-RF model,42282.78517042011,119566.44704188802,483102.52184070996,0.9581451098530427
318,MS,LNCC-CLIDENGO-1,5534.548872166586,23793.96051109225,131071.07606016906,0.9581451098530427
319,MS,Beat it,44521.24882811841,117207.22968334379,321142.1565707919,0.9581451098530427
320,MS,ISI_Dengue_Model,19571.377332609365,42231.579598069584,149049.42583557317,0.9581451098530427
321,MS,TSMixer ZKI-PH4,42498.54545978787,59711.270216697114,94511.41666995054,0.9581451098530427
322,MS,Chronos-Bolt,28299.888069832148,57520.84450690122,127147.0676123828,0.9581451098530427
323,BA,"Model fourier-
gravidade",24300.919187079053,98207.47672362655,511900.31515210716,0.9662916482322985
324,BA,Dengue Oracle M1,103164.80602743562,173452.14048670046,291471.3082855921,0.9662916482322985
325,BA,GHR Model,128233.9810122604,185237.26310384023,263260.37802581216,0.9662916482322985
326,BA,LNCC-SURGE-1,60055.017959079516,132569.49626334873,307081.13559822494,0.9662916482322985
327,BA,IMPA-TECH,90204.82513297982,465377.071602832,3339266.519853077,0.9662916482322985
328,BA,CNNLSTM,89721.72152256953,111269.10390432458,145997.797281247,0.9662916482322985
329,BA,LNN-AR_p-1,90642.13087190504,153964.6473406932,258915.17775318708,0.9662916482322985
330,BA,Imperial-TFT Model,57450.857294302055,148635.6214030434,424264.4533638518,0.9662916482322985
331,BA,UERJ-SARIMAX-2,67555.10693543564,149214.6189698237,341076.95844466327,0.9662916482322985
332,BA,Cornell PEH,42677.44480757204,94423.15199033704,215201.97357593203,0.9662916482322985
333,BA,Dengue oracle M2,113270.09893826468,180809.3910622947,285958.02670962247,0.9662916482322985
334,BA,LSTM-RF model,40139.16230239663,132314.31885439722,688166.5742447699,0.9662916482322985
335,BA,LNCC-CLIDENGO-1,7904.432815007775,33574.45670604023,160003.32208321217,0.9662916482322985
336,BA,Beat it,94447.81640283774,199165.09468992494,434980.38312398584,0.9662916482322985
337,BA,ISI_Dengue_Model,337206.3246134131,475986.6743126309,767048.4474291469,0.9662916482322985
338,BA,TSMixer ZKI-PH4,51835.76661024307,87215.94071470591,208037.17743325923,0.9662916482322985
339,BA,Chronos-Bolt,33551.97773782331,68925.07277270676,146208.77374064678,0.9662916482322985
340,MT,"Model fourier-
gravidade",17718.196621621188,49946.47256888084,151149.51036734204,0.960568457872931
341,MT,Dengue Oracle M1,64916.289018472824,92335.87875266923,134238.2506556619,0.960568457872931
342,MT,GHR Model,57424.40392514334,92309.59096663959,144950.25997231668,0.960568457872931
343,MT,LNCC-SURGE-1,33913.507288218294,66323.50231695574,138092.39370939397,0.960568457872931
344,MT,IMPA-TECH,60540.40021791016,248606.61704332294,1286873.1823233748,0.960568457872931
345,MT,CNNLSTM,44055.82635490483,53342.60498975341,67822.26835233637,0.960568457872931
346,MT,LNN-AR_p-1,29304.554011441753,54212.75788485907,99833.34113557175,0.960568457872931
347,MT,Imperial-TFT Model,30768.634119007045,57953.720777673334,115844.789208078,0.960568457872931
348,MT,UERJ-SARIMAX-2,39431.82090260708,72163.06794791284,136617.61271795214,0.960568457872931
349,MT,Cornell PEH,19709.2229284701,43345.54927502789,102348.02540906593,0.960568457872931
350,MT,Dengue oracle M2,71957.17715261363,98776.5119156086,138060.77837570824,0.960568457872931
351,MT,LSTM-RF model,18801.607741353586,79803.24608278999,510666.0124272523,0.960568457872931
352,MT,LNCC-CLIDENGO-1,4769.331446949215,18909.170055392417,97431.70649310407,0.960568457872931
353,MT,Beat it,44418.92830577138,84330.71134483395,162841.14787167078,0.960568457872931
354,MT,ISI_Dengue_Model,109190.08527389438,158390.19518336066,263436.7145150867,0.960568457872931
355,MT,TSMixer ZKI-PH4,40662.983323155604,63254.23197100835,113186.72208021661,0.960568457872931
356,MT,Chronos-Bolt,49806.1041966615,78115.95568654696,126039.82528523855,0.960568457872931
357,RS,"Model fourier-
gravidade",7627.919549057013,33289.69677878241,165554.38383698088,0.9042080874639509
358,RS,Dengue Oracle M1,101856.08866661316,160782.2615750552,262420.0911875321,0.9042080874639509
359,RS,GHR Model,43982.904275173765,61593.367283073385,88645.40752167282,0.9042080874639509
360,RS,LNCC-SURGE-1,3167.9744018436786,22567.43434944939,225864.6642408754,0.9042080874639509
361,RS,IMPA-TECH,1271474.7043434414,14197061.216973756,285748935.08952564,0.9042080874639509
362,RS,CNNLSTM,15634.933801070112,25524.752288775548,59201.254128262124,0.9042080874639509
363,RS,LNN-AR_p-1,36085.546343971124,119292.82130723665,488653.81546516955,0.9042080874639509
364,RS,Imperial-TFT Model,11236.528293555812,34549.0624992441,132380.0308785143,0.9042080874639509
365,RS,UERJ-SARIMAX-2,100895.90255483863,229844.18922002346,615172.7819489985,0.9042080874639509
366,RS,Cornell PEH,1857.9510300100144,7721.576211443502,49863.71460499471,0.9042080874639509
367,RS,Dengue oracle M2,139890.5332268717,180113.634352626,238673.22674718796,0.9042080874639509
368,RS,LSTM-RF model,30640.90376878655,116085.46920945443,873597.0797918792,0.9042080874639509
369,RS,LNCC-CLIDENGO-1,2049.93376247528,7835.133324399667,41672.01705109659,0.9042080874639509
370,RS,Beat it,19928.001021442473,63425.68069057238,261761.46875847096,0.9042080874639509
371,RS,ISI_Dengue_Model,913732.1915233945,1253895.9849706804,1977555.5142934988,0.9042080874639509
372,RS,TSMixer ZKI-PH4,75996.88720158888,137281.91767422308,322527.1106157033,0.9042080874639509
373,RS,Chronos-Bolt,186345.0753990019,452114.09698463965,1286674.2348128147,0.9042080874639509
374,PA,"Model fourier-
gravidade",5683.168763176146,27245.389925468193,174956.56381055023,0.9436587367482776
375,PA,Dengue Oracle M1,22016.868574225897,34657.54185516143,55290.000794718864,0.9436587367482776
376,PA,GHR Model,10481.456683619384,15415.63530501505,22809.617735231375,0.9436587367482776
377,PA,LNCC-SURGE-1,14440.531333298271,23718.256272055303,39991.37189981019,0.9436587367482776
378,PA,IMPA-TECH,26502.23886953939,55675.93975796167,124687.74027572424,0.9436587367482776
379,PA,CNNLSTM,14900.299590561386,19914.657596196066,27670.706909820397,0.9436587367482776
380,PA,LNN-AR_p-1,18159.008735849646,26856.19953494457,39503.30836599824,0.9436587367482776
381,PA,Imperial-TFT Model,7108.262064960766,11603.936503057099,20087.585916131502,0.9436587367482776
382,PA,UERJ-SARIMAX-2,12422.082291371164,21489.727292536507,38668.47609655766,0.9436587367482776
383,PA,Cornell PEH,11444.452733153741,20102.50835326967,37880.36702360014,0.9436587367482776
384,PA,Dengue oracle M2,22935.626032544747,34979.89809377986,53837.75665391782,0.9436587367482776
385,PA,LSTM-RF model,8518.029893881388,43264.301973588495,382110.80891934596,0.9436587367482776
386,PA,LNCC-CLIDENGO-1,5227.340399249354,13989.83224412537,58061.53213229656,0.9436587367482776
387,PA,Beat it,13243.48478610438,21252.69274036647,34087.979465406395,0.9436587367482776
388,PA,ISI_Dengue_Model,29625.398462870635,66528.69509921288,180137.78798044854,0.9436587367482776
389,PA,TSMixer ZKI-PH4,15900.740643644152,24359.438021979666,40812.20752257057,0.9436587367482776
390,PA,Chronos-Bolt,8074.215957464343,14349.978009751081,26618.714962601323,0.9436587367482776
391,SE,"Model fourier-
gravidade",2552.046669276243,9384.304080207052,40714.98180938463,0.9277762350467309
392,SE,Dengue Oracle M1,6837.479937684852,12334.55665811278,24292.738561238246,0.9277762350467309
393,SE,GHR Model,4814.515927891331,8186.895024351337,14271.153559320832,0.9277762350467309
394,SE,LNCC-SURGE-1,3526.310801351138,8198.92578239469,20168.120493511775,0.9277762350467309
395,SE,IMPA-TECH,13253.632608278656,118941.9579453076,2085073.0372220394,0.9277762350467309
396,SE,CNNLSTM,3518.6335465297293,5840.240164537206,9935.405286712488,0.9277762350467309
397,SE,LNN-AR_p-1,4419.973609464984,8161.734675034917,15223.166802041538,0.9277762350467309
398,SE,Imperial-TFT Model,5251.03883828823,17270.567579090944,62099.11014151656,0.9277762350467309
399,SE,UERJ-SARIMAX-2,5287.956023758759,10118.309574660616,20789.873163414155,0.9277762350467309
400,SE,Cornell PEH,1945.0319189643258,5163.499870485448,15453.457902199169,0.9277762350467309
401,SE,Dengue oracle M2,8655.295614279543,14782.278795472983,24605.99160368693,0.9277762350467309
402,SE,LSTM-RF model,7863.049787464524,24757.888392511733,97651.88476706868,0.9277762350467309
403,SE,LNCC-CLIDENGO-1,3882.234887386831,12679.594585132934,49805.96973867261,0.9277762350467309
404,SE,Beat it,2849.664956929955,9565.53769918146,39765.19659065777,0.9277762350467309
405,SE,ISI_Dengue_Model,16359.701310964434,26003.205904933675,60346.85407037355,0.9277762350467309
406,SE,TSMixer ZKI-PH4,9886.616296445669,12492.49017094326,17691.348178315675,0.9277762350467309
407,SE,Chronos-Bolt,1090.0661722444559,2201.6799813025777,4934.312478561969,0.9277762350467309
408,AM,"Model fourier-
gravidade",5598.741875584071,22884.884853344032,103710.66073541285,0.9228899059933551
409,AM,Dengue Oracle M1,64613.95667476205,128220.19684335619,276516.6766195708,0.9228899059933551
410,AM,GHR Model,23897.474909069697,47992.12420096814,104927.84469753999,0.9228899059933551
411,AM,LNCC-SURGE-1,9165.035959234487,22340.49169629764,57326.860831501275,0.9228899059933551
412,AM,IMPA-TECH,11908.316455581007,31913.572846508243,99698.48280279458,0.9228899059933551
413,AM,CNNLSTM,25539.259217402265,44918.9897025534,84466.35049614725,0.9228899059933551
414,AM,LNN-AR_p-1,11646.804570783344,18706.93243952896,30278.839111135625,0.9228899059933551
415,AM,Imperial-TFT Model,12604.385175515523,23115.682887121482,42877.05538917213,0.9228899059933551
416,AM,UERJ-SARIMAX-2,7813.459683337122,15910.15769479987,35551.13879196415,0.9228899059933551
417,AM,Cornell PEH,7418.777855345125,16046.93950044002,54658.413032243385,0.9228899059933551
418,AM,Dengue oracle M2,61265.739743490376,119702.45842170596,238450.3199263797,0.9228899059933551
419,AM,LSTM-RF model,10129.332117326694,42835.90689137895,371302.9109097044,0.9228899059933551
420,AM,LNCC-CLIDENGO-1,2521.1720384749474,9020.193932488046,44801.072850363744,0.9228899059933551
421,AM,Beat it,10830.301892249774,17815.579828654525,30177.4854234473,0.9228899059933551
422,AM,ISI_Dengue_Model,6861.731782066006,15648.867456242811,49827.15035091242,0.9228899059933551
423,AM,TSMixer ZKI-PH4,11472.844875758421,16817.816549894233,28244.798685933107,0.9228899059933551
424,AM,Chronos-Bolt,5732.228961025976,10119.30450482213,17351.590725320704,0.9228899059933551
425,CE,"Model fourier-
gravidade",18117.73105681496,70051.33717640795,350434.1915563631,0.9724288991816369
426,CE,Dengue Oracle M1,43223.685577481156,114947.2077972181,286405.2924464798,0.9724288991816369
427,CE,GHR Model,34860.47543572772,80764.56072531248,199953.83363149234,0.9724288991816369
428,CE,LNCC-SURGE-1,41303.975347987835,97123.09053915406,233533.2135732742,0.9724288991816369
429,CE,IMPA-TECH,26292.367813481756,109607.29200021824,593720.8370193979,0.9724288991816369
430,CE,CNNLSTM,63442.260254962945,88338.31395776654,130584.84712616226,0.9724288991816369
431,CE,LNN-AR_p-1,39795.65874422436,77025.58599361085,151634.38372597646,0.9724288991816369
432,CE,Imperial-TFT Model,36515.018141801476,99102.25529826627,287777.2263443676,0.9724288991816369
433,CE,UERJ-SARIMAX-2,33978.82710449366,73690.80879740528,171550.1622641449,0.9724288991816369
434,CE,Cornell PEH,29402.49755607675,69614.43269392812,169302.18736378965,0.9724288991816369
435,CE,Dengue oracle M2,54103.87538182289,114960.13812243255,256309.47501248223,0.9724288991816369
436,CE,LSTM-RF model,25626.34499737428,91423.49067325718,448185.1108066274,0.9724288991816369
437,CE,LNCC-CLIDENGO-1,5537.8795042398615,31396.433083664313,186251.47426692094,0.9724288991816369
438,CE,Beat it,50379.74116209157,108772.52672303858,233598.8970043268,0.9724288991816369
439,CE,ISI_Dengue_Model,62811.911334250195,127117.043736211,408947.87512960704,0.9724288991816369
440,CE,TSMixer ZKI-PH4,32116.103214385188,53571.16385606658,111999.41181620034,0.9724288991816369
441,CE,Chronos-Bolt,19160.06363741208,38199.364245724566,84278.87415636075,0.9724288991816369
