model_id,state,valid_test,WIS
Dengue oracle M2,AM,2,22113.96791505131
Dengue oracle M2,AM,1,14330.834805674282
Dengue oracle M2,AM,3,10125.483068805668
"Model fourier-
gravidade",AM,2,2370.602264904106
"Model fourier-
gravidade",AM,1,1838.786130705628
"Model fourier-
gravidade",AM,3,1836.8102082095784
LNCC-CLIDENGO-1,AM,2,9494.776896743588
LNCC-CLIDENGO-1,AM,1,2342.925929243082
LNCC-CLIDENGO-1,AM,3,5518.042597046117
Dengue Oracle M1,AM,2,23912.804018729053
Dengue Oracle M1,AM,1,21496.80028418806
Dengue Oracle M1,AM,3,8735.120517748683
LSTM-RF model,AM,2,12037.66464292819
LSTM-RF model,AM,1,2013.0191568601756
LSTM-RF model,AM,3,1983.3878069248162
ISI_Dengue_Model,AM,2,2916.3655204850315
ISI_Dengue_Model,AM,1,939.6181550417374
ISI_Dengue_Model,AM,3,1144.8264870688224
Cornell PEH,AM,2,2087.9405680440013
Cornell PEH,AM,1,1159.5533196166532
Cornell PEH,AM,3,1102.8856644688074
Imperial-TFT Model,AM,2,1190.2715758581746
Imperial-TFT Model,AM,1,644.1276430682606
Imperial-TFT Model,AM,3,689.7404389766198
Chronos-Bolt,AM,2,4398.713377410826
Chronos-Bolt,AM,1,2968.9858446624694
Chronos-Bolt,AM,3,720.5019028871528
LNN-AR_p-1,AM,2,1470.577462631283
LNN-AR_p-1,AM,1,566.1579535947669
LNN-AR_p-1,AM,3,537.7934660793996
Beat it,AM,2,1550.0783753484595
Beat it,AM,1,601.402001809925
Beat it,AM,3,554.7545088584989
IMPA-TECH,AM,2,3196.043601233809
IMPA-TECH,AM,1,1546.3614190755234
IMPA-TECH,AM,3,1508.8624168959761
CNNLSTM,AM,2,1930.8623687834895
CNNLSTM,AM,1,3844.6618419804413
CNNLSTM,AM,3,3093.03931852946
TSMixer ZKI-PH4,AM,2,4439.243523910917
TSMixer ZKI-PH4,AM,1,1325.9910362949909
TSMixer ZKI-PH4,AM,3,1361.9010851213375
LNCC-SURGE-1,AM,2,1593.996535344454
LNCC-SURGE-1,AM,1,1226.2117377899497
LNCC-SURGE-1,AM,3,1152.231645815899
UERJ-SARIMAX-2,AM,2,1783.6148252738449
UERJ-SARIMAX-2,AM,1,843.3257194185012
UERJ-SARIMAX-2,AM,3,805.5810738333096
GHR Model,AM,2,3441.8248638290115
GHR Model,AM,1,761.8805521779942
GHR Model,AM,3,6558.123037163846
Dengue oracle M2,AL,2,2756.198480856385
Dengue oracle M2,AL,1,4329.49557501467
Dengue oracle M2,AL,3,3468.052980896421
"Model fourier-
gravidade",AL,2,4126.486436462907
"Model fourier-
gravidade",AL,1,2184.241065815315
"Model fourier-
gravidade",AL,3,3007.527343663657
LNCC-CLIDENGO-1,AL,2,18322.8830128384
LNCC-CLIDENGO-1,AL,1,1692.3047834895754
LNCC-CLIDENGO-1,AL,3,7477.941804497609
Dengue Oracle M1,AL,2,2591.9533285878247
Dengue Oracle M1,AL,1,2347.4233966642987
Dengue Oracle M1,AL,3,3025.9764297778415
LSTM-RF model,AL,2,8011.842816139299
LSTM-RF model,AL,1,8103.461292486771
LSTM-RF model,AL,3,5197.016119381613
ISI_Dengue_Model,AL,2,10660.419080056428
ISI_Dengue_Model,AL,1,1041.355161166222
ISI_Dengue_Model,AL,3,17804.682214993558
Cornell PEH,AL,2,4308.899330306874
Cornell PEH,AL,1,1905.4347518462632
Cornell PEH,AL,3,1781.6079738288836
Imperial-TFT Model,AL,2,4902.345564081351
Imperial-TFT Model,AL,1,7666.0230206111155
Imperial-TFT Model,AL,3,2744.3125523127655
Chronos-Bolt,AL,2,15219.018506677858
Chronos-Bolt,AL,1,710.1315922376657
Chronos-Bolt,AL,3,22284.223445853902
LNN-AR_p-1,AL,2,2888.8539511896906
LNN-AR_p-1,AL,1,2701.9448501292977
LNN-AR_p-1,AL,3,1848.1474429248296
Beat it,AL,2,3570.713742954899
Beat it,AL,1,4397.9246580457275
Beat it,AL,3,2566.7841802522516
IMPA-TECH,AL,2,5563.076754569145
IMPA-TECH,AL,1,81669.58949831473
IMPA-TECH,AL,3,44194.490976503905
CNNLSTM,AL,2,4704.8896480976
CNNLSTM,AL,1,4729.4799437802485
CNNLSTM,AL,3,952.9377294729861
TSMixer ZKI-PH4,AL,2,3448.548487686568
TSMixer ZKI-PH4,AL,1,708.2119337078653
TSMixer ZKI-PH4,AL,3,8654.924581036845
LNCC-SURGE-1,AL,2,3303.4373753816258
LNCC-SURGE-1,AL,1,3762.794846915087
LNCC-SURGE-1,AL,3,2797.5309616454524
UERJ-SARIMAX-2,AL,2,6956.894203205458
UERJ-SARIMAX-2,AL,1,19887.17292896906
UERJ-SARIMAX-2,AL,3,3571.943691112092
GHR Model,AL,2,2094.5808621150027
GHR Model,AL,1,1386.7030989269451
GHR Model,AL,3,1515.0406035451613
Dengue oracle M2,MG,2,1050249.0634848678
Dengue oracle M2,MG,1,41599.768012763256
Dengue oracle M2,MG,3,22308.104275819245
"Model fourier-
gravidade",MG,2,1568661.8250534749
"Model fourier-
gravidade",MG,1,170116.94232316024
"Model fourier-
gravidade",MG,3,34288.735532499166
LNCC-CLIDENGO-1,MG,2,1747961.2639407096
LNCC-CLIDENGO-1,MG,1,353851.46158474055
LNCC-CLIDENGO-1,MG,3,149761.1469156304
Dengue Oracle M1,MG,2,1276461.76746229
Dengue Oracle M1,MG,1,49497.45544084398
Dengue Oracle M1,MG,3,267528.76810557116
LSTM-RF model,MG,2,1101972.5919945561
LSTM-RF model,MG,1,107680.54142382897
LSTM-RF model,MG,3,56762.20853572502
ISI_Dengue_Model,MG,2,1633514.1129936
ISI_Dengue_Model,MG,1,187287.1886598211
ISI_Dengue_Model,MG,3,46159.983212568215
Cornell PEH,MG,2,1633875.2775800799
Cornell PEH,MG,1,253561.65205272345
Cornell PEH,MG,3,28407.290142640828
Imperial-TFT Model,MG,2,1262246.3201761956
Imperial-TFT Model,MG,1,200062.72168865416
Imperial-TFT Model,MG,3,27858.808692809467
Chronos-Bolt,MG,2,1682047.259867245
Chronos-Bolt,MG,1,90988.24037538671
Chronos-Bolt,MG,3,389439.87168773613
LNN-AR_p-1,MG,2,1584880.7018961157
LNN-AR_p-1,MG,1,167720.5884069286
LNN-AR_p-1,MG,3,24484.18236077121
Beat it,MG,2,1308424.6796301927
Beat it,MG,1,75969.18720249097
Beat it,MG,3,94015.07269567909
IMPA-TECH,MG,2,453054.1225038627
IMPA-TECH,MG,1,126187.51705055252
IMPA-TECH,MG,3,1126013.183491263
CNNLSTM,MG,2,1558026.3243123991
CNNLSTM,MG,1,177725.42111792104
CNNLSTM,MG,3,7801.1981869463325
TSMixer ZKI-PH4,MG,2,1495195.6369428323
TSMixer ZKI-PH4,MG,1,330273.73845105927
TSMixer ZKI-PH4,MG,3,118635.80514812283
LNCC-SURGE-1,MG,2,1183461.9876724908
LNCC-SURGE-1,MG,1,96051.27129125479
LNCC-SURGE-1,MG,3,64936.938614201565
UERJ-SARIMAX-2,MG,2,1163305.7057317875
UERJ-SARIMAX-2,MG,1,143882.1181458686
UERJ-SARIMAX-2,MG,3,129058.90808211187
GHR Model,MG,2,1121203.3668957406
GHR Model,MG,1,266327.0747351158
GHR Model,MG,3,136522.0086913587
Dengue oracle M2,MS,2,41155.11487521624
Dengue oracle M2,MS,1,6318.000654369267
Dengue oracle M2,MS,3,10537.615412804262
"Model fourier-
gravidade",MS,2,2992.2112000247635
"Model fourier-
gravidade",MS,1,18555.751753835124
"Model fourier-
gravidade",MS,3,9965.998563482119
LNCC-CLIDENGO-1,MS,2,5047.567097654517
LNCC-CLIDENGO-1,MS,1,16882.651537189893
LNCC-CLIDENGO-1,MS,3,3340.1772570038174
Dengue Oracle M1,MS,2,15813.114985841023
Dengue Oracle M1,MS,1,6099.099135359311
Dengue Oracle M1,MS,3,14985.513575032619
LSTM-RF model,MS,2,12664.851925706209
LSTM-RF model,MS,1,6666.460776365941
LSTM-RF model,MS,3,10718.53457585679
ISI_Dengue_Model,MS,2,5203.149576703498
ISI_Dengue_Model,MS,1,9490.923283502958
ISI_Dengue_Model,MS,3,2580.6794302963126
Cornell PEH,MS,2,3573.622254983673
Cornell PEH,MS,1,16923.086996751987
Cornell PEH,MS,3,2747.764112256218
Imperial-TFT Model,MS,2,6838.868580257051
Imperial-TFT Model,MS,1,9464.508387669604
Imperial-TFT Model,MS,3,3290.748015538774
Chronos-Bolt,MS,2,4202.2098864433665
Chronos-Bolt,MS,1,9540.582266210668
Chronos-Bolt,MS,3,3179.2371509611853
LNN-AR_p-1,MS,2,3968.7548585756035
LNN-AR_p-1,MS,1,9967.455059193886
LNN-AR_p-1,MS,3,2236.486133741104
Beat it,MS,2,9431.518514658957
Beat it,MS,1,8974.688482144793
Beat it,MS,3,8154.413938629218
IMPA-TECH,MS,2,68955.18860953211
IMPA-TECH,MS,1,125162.80080175905
IMPA-TECH,MS,3,43222.81964980179
CNNLSTM,MS,2,5472.726674246893
CNNLSTM,MS,1,14552.46598462951
CNNLSTM,MS,3,8534.761355060713
TSMixer ZKI-PH4,MS,2,1337.476693341857
TSMixer ZKI-PH4,MS,1,31245.318351737715
TSMixer ZKI-PH4,MS,3,9161.807593642592
LNCC-SURGE-1,MS,2,8375.921827972832
LNCC-SURGE-1,MS,1,10266.136314760706
LNCC-SURGE-1,MS,3,8702.62702172766
UERJ-SARIMAX-2,MS,2,4646.778938050303
UERJ-SARIMAX-2,MS,1,9435.132275455835
UERJ-SARIMAX-2,MS,3,3409.501901952373
GHR Model,MS,2,22014.698381191498
GHR Model,MS,1,7781.038454391245
GHR Model,MS,3,13729.762695465717
Dengue oracle M2,RN,2,7607.1702835448605
Dengue oracle M2,RN,1,7008.776399489378
Dengue oracle M2,RN,3,1401.1413449750678
"Model fourier-
gravidade",RN,2,3104.0931743177816
"Model fourier-
gravidade",RN,1,2886.3624943351983
"Model fourier-
gravidade",RN,3,3762.454022158959
LNCC-CLIDENGO-1,RN,2,4170.980390172277
LNCC-CLIDENGO-1,RN,1,2434.910462866667
LNCC-CLIDENGO-1,RN,3,2632.162380575605
Dengue Oracle M1,RN,2,2815.5878033051013
Dengue Oracle M1,RN,1,4347.612991562094
Dengue Oracle M1,RN,3,5238.188306111616
LSTM-RF model,RN,2,6674.285644096651
LSTM-RF model,RN,1,4917.78974343342
LSTM-RF model,RN,3,3960.642539906968
ISI_Dengue_Model,RN,2,5338.177840919858
ISI_Dengue_Model,RN,1,7260.964184328748
ISI_Dengue_Model,RN,3,12674.734905876305
Cornell PEH,RN,2,2784.169068003522
Cornell PEH,RN,1,2338.883155480413
Cornell PEH,RN,3,1980.8706173440894
Imperial-TFT Model,RN,2,3774.8290061315597
Imperial-TFT Model,RN,1,8634.77750108176
Imperial-TFT Model,RN,3,2015.9518598334103
Chronos-Bolt,RN,2,10184.277375258052
Chronos-Bolt,RN,1,7905.067025821436
Chronos-Bolt,RN,3,3283.4900520036595
LNN-AR_p-1,RN,2,2422.1735501129606
LNN-AR_p-1,RN,1,13557.667428468338
LNN-AR_p-1,RN,3,2649.4451611200293
Beat it,RN,2,3266.2644693805432
Beat it,RN,1,6417.9377195421075
Beat it,RN,3,4214.6392476092715
IMPA-TECH,RN,2,5709.770376702461
IMPA-TECH,RN,1,221099.23589387082
IMPA-TECH,RN,3,2795.1853438566873
CNNLSTM,RN,2,904.803841623454
CNNLSTM,RN,1,9177.181633526383
CNNLSTM,RN,3,4681.041007085433
TSMixer ZKI-PH4,RN,2,8436.167741503521
TSMixer ZKI-PH4,RN,1,9483.83972286
TSMixer ZKI-PH4,RN,3,1388.013206639804
LNCC-SURGE-1,RN,2,2960.888481826607
LNCC-SURGE-1,RN,1,5497.451344336848
LNCC-SURGE-1,RN,3,3463.1929734335486
UERJ-SARIMAX-2,RN,2,3139.8744549897824
UERJ-SARIMAX-2,RN,1,16965.583601291128
UERJ-SARIMAX-2,RN,3,1976.444076359695
GHR Model,RN,2,4766.617548133852
GHR Model,RN,1,1892.189318174434
GHR Model,RN,3,1555.479175822963
Dengue oracle M2,CE,2,24113.08284720231
Dengue oracle M2,CE,1,6188.83022090143
Dengue oracle M2,CE,3,10304.55160396008
"Model fourier-
gravidade",CE,2,6185.54900333674
"Model fourier-
gravidade",CE,1,5795.963441069487
"Model fourier-
gravidade",CE,3,7297.856447340752
LNCC-CLIDENGO-1,CE,2,3359.62759923022
LNCC-CLIDENGO-1,CE,1,5723.265355000318
LNCC-CLIDENGO-1,CE,3,2730.290887052833
Dengue Oracle M1,CE,2,17182.183708285414
Dengue Oracle M1,CE,1,3741.144971165046
Dengue Oracle M1,CE,3,15602.7644455559
LSTM-RF model,CE,2,12619.126518562129
LSTM-RF model,CE,1,6406.275905799397
LSTM-RF model,CE,3,10319.569006513912
ISI_Dengue_Model,CE,2,3614.880108534327
ISI_Dengue_Model,CE,1,34105.84763903449
ISI_Dengue_Model,CE,3,29848.53160013463
Cornell PEH,CE,2,4163.137011687612
Cornell PEH,CE,1,3768.359809825281
Cornell PEH,CE,3,6457.089589476182
Imperial-TFT Model,CE,2,10236.962256646008
Imperial-TFT Model,CE,1,9584.03838487514
Imperial-TFT Model,CE,3,7272.144688571677
Chronos-Bolt,CE,2,1787.7804092932392
Chronos-Bolt,CE,1,1672.1876977159845
Chronos-Bolt,CE,3,3298.6545266431494
LNN-AR_p-1,CE,2,2669.014688929479
LNN-AR_p-1,CE,1,6733.755803556943
LNN-AR_p-1,CE,3,8198.851356124334
Beat it,CE,2,8643.338988979816
Beat it,CE,1,8573.68344718945
Beat it,CE,3,12746.529451206223
IMPA-TECH,CE,2,3480.9329424270422
IMPA-TECH,CE,1,32288.590496545632
IMPA-TECH,CE,3,3373.8276403182035
CNNLSTM,CE,2,7819.354560601006
CNNLSTM,CE,1,7992.937756520509
CNNLSTM,CE,3,16876.397346173097
TSMixer ZKI-PH4,CE,2,1546.5955209276985
TSMixer ZKI-PH4,CE,1,6439.952222918702
TSMixer ZKI-PH4,CE,3,1583.4129822645893
LNCC-SURGE-1,CE,2,7337.849342284508
LNCC-SURGE-1,CE,1,7442.841888515474
LNCC-SURGE-1,CE,3,11292.578333852356
UERJ-SARIMAX-2,CE,2,2976.9546531151964
UERJ-SARIMAX-2,CE,1,8077.579089805448
UERJ-SARIMAX-2,CE,3,4601.9193004314
GHR Model,CE,2,11587.361166806588
GHR Model,CE,1,2325.3610321486913
GHR Model,CE,3,6220.090202855539
Dengue oracle M2,MA,2,4474.010237712311
Dengue oracle M2,MA,1,2633.751944362715
Dengue oracle M2,MA,3,471.6241404463785
"Model fourier-
gravidade",MA,2,3126.2193703581643
"Model fourier-
gravidade",MA,1,2604.02309810979
"Model fourier-
gravidade",MA,3,1152.3318314549715
LNCC-CLIDENGO-1,MA,2,2386.662860873066
LNCC-CLIDENGO-1,MA,1,2499.7721110214707
LNCC-CLIDENGO-1,MA,3,2206.3271288213477
Dengue Oracle M1,MA,2,1478.3162353939094
Dengue Oracle M1,MA,1,2274.656744088591
Dengue Oracle M1,MA,3,3366.0200996877666
LSTM-RF model,MA,2,1767.2820846329323
LSTM-RF model,MA,1,2519.294162942708
LSTM-RF model,MA,3,2122.7112169670986
ISI_Dengue_Model,MA,2,6405.503791504879
ISI_Dengue_Model,MA,1,7403.086500533176
ISI_Dengue_Model,MA,3,1806.299683634287
Cornell PEH,MA,2,2871.7796420848026
Cornell PEH,MA,1,787.768777231205
Cornell PEH,MA,3,771.6887266341214
Imperial-TFT Model,MA,2,1897.640053149387
Imperial-TFT Model,MA,1,2429.7042465352215
Imperial-TFT Model,MA,3,995.0462645283465
Chronos-Bolt,MA,2,7458.0751245477695
Chronos-Bolt,MA,1,1061.413141226278
Chronos-Bolt,MA,3,1946.6654543005016
LNN-AR_p-1,MA,2,4172.767689605897
LNN-AR_p-1,MA,1,1968.4716101140543
LNN-AR_p-1,MA,3,998.850807479628
Beat it,MA,2,1561.756635333774
Beat it,MA,1,1035.0504010439172
Beat it,MA,3,1070.7655592647259
IMPA-TECH,MA,2,2847.448004053779
IMPA-TECH,MA,1,13897.366960299963
IMPA-TECH,MA,3,7287.528862752569
CNNLSTM,MA,2,2413.7027968383054
CNNLSTM,MA,1,445.1696937395468
CNNLSTM,MA,3,373.94662083595045
TSMixer ZKI-PH4,MA,2,6865.754499669044
TSMixer ZKI-PH4,MA,1,1479.5292901667858
TSMixer ZKI-PH4,MA,3,428.22653477223287
LNCC-SURGE-1,MA,2,1859.22667616763
LNCC-SURGE-1,MA,1,775.2013236522798
LNCC-SURGE-1,MA,3,781.3484160754557
UERJ-SARIMAX-2,MA,2,2232.1900400304503
UERJ-SARIMAX-2,MA,1,836.7478011834487
UERJ-SARIMAX-2,MA,3,769.3755830640653
GHR Model,MA,2,1051.4682352088028
GHR Model,MA,1,883.3479678696943
GHR Model,MA,3,523.4339382980792
Dengue oracle M2,SE,2,3148.8488030998324
Dengue oracle M2,SE,1,501.0198930693821
Dengue oracle M2,SE,3,356.39714860751815
"Model fourier-
gravidade",SE,2,969.20687363991
"Model fourier-
gravidade",SE,1,973.6754369666154
"Model fourier-
gravidade",SE,3,498.6299278763397
LNCC-CLIDENGO-1,SE,2,1270.9320924328163
LNCC-CLIDENGO-1,SE,1,624.4607539557027
LNCC-CLIDENGO-1,SE,3,1715.8634963683612
Dengue Oracle M1,SE,2,712.0164741123807
Dengue Oracle M1,SE,1,467.7113547014152
Dengue Oracle M1,SE,3,961.4121558290179
LSTM-RF model,SE,2,1797.5418179360815
LSTM-RF model,SE,1,3246.1820807227477
LSTM-RF model,SE,3,2615.8781949519243
ISI_Dengue_Model,SE,2,985.4354536271866
ISI_Dengue_Model,SE,1,1570.068772951685
ISI_Dengue_Model,SE,3,11900.974555265762
Cornell PEH,SE,2,569.1643309363628
Cornell PEH,SE,1,614.7388413751551
Cornell PEH,SE,3,299.47984414950884
Imperial-TFT Model,SE,2,1880.8901839263806
Imperial-TFT Model,SE,1,1227.4401540943038
Imperial-TFT Model,SE,3,1427.6045575192477
Chronos-Bolt,SE,2,1919.9573888192842
Chronos-Bolt,SE,1,1453.7691846261118
Chronos-Bolt,SE,3,193.4970038211607
LNN-AR_p-1,SE,2,538.7611344838232
LNN-AR_p-1,SE,1,609.8451059383599
LNN-AR_p-1,SE,3,222.3335580693575
Beat it,SE,2,862.2777279170714
Beat it,SE,1,779.3580224244953
Beat it,SE,3,788.1213109831501
IMPA-TECH,SE,2,15364.517793316207
IMPA-TECH,SE,1,61956.51452664083
IMPA-TECH,SE,3,8295.692402797611
CNNLSTM,SE,2,332.21172054666084
CNNLSTM,SE,1,421.3491836058381
CNNLSTM,SE,3,208.24819209813506
TSMixer ZKI-PH4,SE,2,1368.717751898073
TSMixer ZKI-PH4,SE,1,665.5084433557578
TSMixer ZKI-PH4,SE,3,1058.5687615162233
LNCC-SURGE-1,SE,2,493.4983806828056
LNCC-SURGE-1,SE,1,493.64868402631004
LNCC-SURGE-1,SE,3,594.1655132898577
UERJ-SARIMAX-2,SE,2,378.98223244621545
UERJ-SARIMAX-2,SE,1,643.1598110435475
UERJ-SARIMAX-2,SE,3,526.543639864875
GHR Model,SE,2,391.0199895362381
GHR Model,SE,1,512.4227706168226
GHR Model,SE,3,660.7299005088964
Dengue oracle M2,RJ,2,40345.25977208094
Dengue oracle M2,RJ,1,15866.61339920987
Dengue oracle M2,RJ,3,3163.073984546407
"Model fourier-
gravidade",RJ,2,199860.75892022593
"Model fourier-
gravidade",RJ,1,10319.818846729131
"Model fourier-
gravidade",RJ,3,9318.396142392206
LNCC-CLIDENGO-1,RJ,2,243768.7707424315
LNCC-CLIDENGO-1,RJ,1,13867.31985452572
LNCC-CLIDENGO-1,RJ,3,9343.49810824989
Dengue Oracle M1,RJ,2,75436.92115452208
Dengue Oracle M1,RJ,1,14113.61197629923
Dengue Oracle M1,RJ,3,27523.08668506954
LSTM-RF model,RJ,2,98362.00924773928
LSTM-RF model,RJ,1,9253.287764745466
LSTM-RF model,RJ,3,11390.471533046146
ISI_Dengue_Model,RJ,2,165333.96904670808
ISI_Dengue_Model,RJ,1,34497.57093188887
ISI_Dengue_Model,RJ,3,25893.67108704887
Cornell PEH,RJ,2,260327.71404398905
Cornell PEH,RJ,1,8214.564382697987
Cornell PEH,RJ,3,5921.0236938988455
Imperial-TFT Model,RJ,2,303024.5168068668
Imperial-TFT Model,RJ,1,37580.12402240318
Imperial-TFT Model,RJ,3,36208.89469511582
Chronos-Bolt,RJ,2,297755.392689998
Chronos-Bolt,RJ,1,9562.801456454921
Chronos-Bolt,RJ,3,6311.438509160465
LNN-AR_p-1,RJ,2,267250.6271170905
LNN-AR_p-1,RJ,1,9123.460790017363
LNN-AR_p-1,RJ,3,15912.425735397605
Beat it,RJ,2,250167.54123457542
Beat it,RJ,1,9845.972398658698
Beat it,RJ,3,11476.511827974673
IMPA-TECH,RJ,2,141655.16932159936
IMPA-TECH,RJ,1,11863.329087694678
IMPA-TECH,RJ,3,242438.4862839243
CNNLSTM,RJ,2,238141.36576593947
CNNLSTM,RJ,1,13568.247911740058
CNNLSTM,RJ,3,19527.78114397736
TSMixer ZKI-PH4,RJ,2,241230.8432333395
TSMixer ZKI-PH4,RJ,1,33639.48056285016
TSMixer ZKI-PH4,RJ,3,14922.898490296173
LNCC-SURGE-1,RJ,2,133702.1730255772
LNCC-SURGE-1,RJ,1,14297.57823748512
LNCC-SURGE-1,RJ,3,21112.744679878466
UERJ-SARIMAX-2,RJ,2,178707.39839549008
UERJ-SARIMAX-2,RJ,1,11582.615678352167
UERJ-SARIMAX-2,RJ,3,29386.076306524377
GHR Model,RJ,2,256388.3804691416
GHR Model,RJ,1,22984.994983864934
GHR Model,RJ,3,6304.110260715839
Dengue oracle M2,PA,2,4533.454306707852
Dengue oracle M2,PA,1,1045.71990489355
Dengue oracle M2,PA,3,1314.0885241726182
"Model fourier-
gravidade",PA,2,5064.350651825464
"Model fourier-
gravidade",PA,1,3522.795403617186
"Model fourier-
gravidade",PA,3,5133.2178337657715
LNCC-CLIDENGO-1,PA,2,14390.357956845179
LNCC-CLIDENGO-1,PA,1,2324.7927322325786
LNCC-CLIDENGO-1,PA,3,12974.465391374142
Dengue Oracle M1,PA,2,3167.4238167787375
Dengue Oracle M1,PA,1,1340.8312341905546
Dengue Oracle M1,PA,3,2039.4522254284177
LSTM-RF model,PA,2,14696.868233533709
LSTM-RF model,PA,1,2254.6551741151393
LSTM-RF model,PA,3,4938.682757090461
ISI_Dengue_Model,PA,2,4778.418390666708
ISI_Dengue_Model,PA,1,1809.5272900311506
ISI_Dengue_Model,PA,3,11693.153056765408
Cornell PEH,PA,2,8507.01295285752
Cornell PEH,PA,1,699.6314780545425
Cornell PEH,PA,3,5982.113342546049
Imperial-TFT Model,PA,2,11744.546064690194
Imperial-TFT Model,PA,1,2183.4358609962965
Imperial-TFT Model,PA,3,11112.841982501755
Chronos-Bolt,PA,2,15564.262533454974
Chronos-Bolt,PA,1,660.8420411399553
Chronos-Bolt,PA,3,5155.110668704273
LNN-AR_p-1,PA,2,9943.947119003808
LNN-AR_p-1,PA,1,471.9235413500202
LNN-AR_p-1,PA,3,1837.620961436366
Beat it,PA,2,9969.515991257047
Beat it,PA,1,651.8727156148384
Beat it,PA,3,5915.735662537369
IMPA-TECH,PA,2,6898.342132536059
IMPA-TECH,PA,1,1300.3426638224896
IMPA-TECH,PA,3,8538.864221577642
CNNLSTM,PA,2,11004.236537451732
CNNLSTM,PA,1,395.1290658497144
CNNLSTM,PA,3,9694.052320962253
TSMixer ZKI-PH4,PA,2,12596.92945551317
TSMixer ZKI-PH4,PA,1,559.8672260453791
TSMixer ZKI-PH4,PA,3,2408.3766996077525
LNCC-SURGE-1,PA,2,8310.349467878377
LNCC-SURGE-1,PA,1,857.8514901873641
LNCC-SURGE-1,PA,3,4883.185947111704
UERJ-SARIMAX-2,PA,2,9542.815925298906
UERJ-SARIMAX-2,PA,1,583.4101929442777
UERJ-SARIMAX-2,PA,3,3935.506851383523
GHR Model,PA,2,10530.594617978171
GHR Model,PA,1,1504.9925989574297
GHR Model,PA,3,9899.040344301873
Dengue oracle M2,AP,2,7683.593506213072
Dengue oracle M2,AP,1,201.13662098822218
Dengue oracle M2,AP,3,860.8011701705933
"Model fourier-
gravidade",AP,2,6069.489954994725
"Model fourier-
gravidade",AP,1,362.6250983648609
"Model fourier-
gravidade",AP,3,477.9499731244683
LNCC-CLIDENGO-1,AP,2,2027.2143493883025
LNCC-CLIDENGO-1,AP,1,5429.909887946812
LNCC-CLIDENGO-1,AP,3,1697.269067932727
Dengue Oracle M1,AP,2,7296.305246807868
Dengue Oracle M1,AP,1,225.34428754635238
Dengue Oracle M1,AP,3,629.7913699585984
LSTM-RF model,AP,2,6568.920638012781
LSTM-RF model,AP,1,3140.7081487950104
LSTM-RF model,AP,3,1191.2393087477415
ISI_Dengue_Model,AP,2,9427.340943460113
ISI_Dengue_Model,AP,1,1001.3503664051105
ISI_Dengue_Model,AP,3,9065.512367970034
Cornell PEH,AP,2,8997.354435831845
Cornell PEH,AP,1,170.81638893692474
Cornell PEH,AP,3,618.7576466039731
Imperial-TFT Model,AP,2,10111.34604958461
Imperial-TFT Model,AP,1,829.8625426732759
Imperial-TFT Model,AP,3,1613.4682557444767
Chronos-Bolt,AP,2,10549.410445072326
Chronos-Bolt,AP,1,694.2738510751153
Chronos-Bolt,AP,3,391.680275852852
LNN-AR_p-1,AP,2,10081.53055347289
LNN-AR_p-1,AP,1,365.8734029866599
LNN-AR_p-1,AP,3,447.5042270416707
Beat it,AP,2,9735.610389514692
Beat it,AP,1,179.4251973032147
Beat it,AP,3,519.0829717470729
IMPA-TECH,AP,2,6225.665639001275
IMPA-TECH,AP,1,241.93606357636347
IMPA-TECH,AP,3,20504.89276573014
CNNLSTM,AP,2,9532.497271650964
CNNLSTM,AP,1,116.4895080722367
CNNLSTM,AP,3,1098.6112483877112
TSMixer ZKI-PH4,AP,2,10075.458064763117
TSMixer ZKI-PH4,AP,1,631.5524601342325
TSMixer ZKI-PH4,AP,3,1188.1750981733828
LNCC-SURGE-1,AP,2,8286.38825566365
LNCC-SURGE-1,AP,1,196.6784465485039
LNCC-SURGE-1,AP,3,484.95614552049847
UERJ-SARIMAX-2,AP,2,9204.316107802011
UERJ-SARIMAX-2,AP,1,117.69151962276293
UERJ-SARIMAX-2,AP,3,336.12186317936033
GHR Model,AP,2,10468.507513954897
GHR Model,AP,1,791.6126723418586
GHR Model,AP,3,1078.737901255202
Dengue oracle M2,AC,2,3297.680846366229
Dengue oracle M2,AC,1,3476.514284963914
Dengue oracle M2,AC,3,2105.469257443537
"Model fourier-
gravidade",AC,2,1786.544390662426
"Model fourier-
gravidade",AC,1,674.8916727879371
"Model fourier-
gravidade",AC,3,4222.2103035099735
LNCC-CLIDENGO-1,AC,2,2322.8266965048
LNCC-CLIDENGO-1,AC,1,2582.5825733961087
LNCC-CLIDENGO-1,AC,3,2535.0042468913034
Dengue Oracle M1,AC,2,2799.8430893051027
Dengue Oracle M1,AC,1,3852.3137946089587
Dengue Oracle M1,AC,3,2242.202343801367
LSTM-RF model,AC,2,14064.97423454954
LSTM-RF model,AC,1,3479.075284256696
LSTM-RF model,AC,3,2800.0150696543924
ISI_Dengue_Model,AC,2,1083.7937664272088
ISI_Dengue_Model,AC,1,1789.8731398230582
ISI_Dengue_Model,AC,3,11215.056706979703
Cornell PEH,AC,2,2061.218274883655
Cornell PEH,AC,1,1184.271766392307
Cornell PEH,AC,3,2648.5398422797725
Imperial-TFT Model,AC,2,1902.3961863101804
Imperial-TFT Model,AC,1,985.7624466223426
Imperial-TFT Model,AC,3,2642.005708592589
Chronos-Bolt,AC,2,2024.849142505343
Chronos-Bolt,AC,1,786.2829498837028
Chronos-Bolt,AC,3,4954.528509849413
LNN-AR_p-1,AC,2,1566.1095597439119
LNN-AR_p-1,AC,1,821.3136118781218
LNN-AR_p-1,AC,3,2483.08671267617
Beat it,AC,2,1637.6723353358657
Beat it,AC,1,1012.5788774961038
Beat it,AC,3,2165.9639370294294
IMPA-TECH,AC,2,10208.723072743524
IMPA-TECH,AC,1,9982.644177062379
IMPA-TECH,AC,3,6643.748601850068
CNNLSTM,AC,2,952.3483472202029
CNNLSTM,AC,1,1949.666794581057
CNNLSTM,AC,3,1572.4718636116675
TSMixer ZKI-PH4,AC,2,668.0182244332474
TSMixer ZKI-PH4,AC,1,1747.4521568713285
TSMixer ZKI-PH4,AC,3,3457.635265374289
LNCC-SURGE-1,AC,2,1874.389755303183
LNCC-SURGE-1,AC,1,2410.8686056884635
LNCC-SURGE-1,AC,3,1968.4559737656673
UERJ-SARIMAX-2,AC,2,1224.2411643207915
UERJ-SARIMAX-2,AC,1,1174.0573209099216
UERJ-SARIMAX-2,AC,3,2280.4731185093437
GHR Model,AC,2,1368.7394228863775
GHR Model,AC,1,810.3638354482919
GHR Model,AC,3,1807.9431539467887
Dengue oracle M2,BA,2,122105.97827063804
Dengue oracle M2,BA,1,3839.829221204895
Dengue oracle M2,BA,3,5824.286944874947
"Model fourier-
gravidade",BA,2,108898.21471271222
"Model fourier-
gravidade",BA,1,10115.522440773804
"Model fourier-
gravidade",BA,3,9883.700704120469
LNCC-CLIDENGO-1,BA,2,195807.35701299726
LNCC-CLIDENGO-1,BA,1,15039.103268131656
LNCC-CLIDENGO-1,BA,3,9119.340060680595
Dengue Oracle M1,BA,2,154019.08962358054
Dengue Oracle M1,BA,1,4337.332236527454
Dengue Oracle M1,BA,3,19994.812748979773
LSTM-RF model,BA,2,66445.59251989644
LSTM-RF model,BA,1,6568.736195798886
LSTM-RF model,BA,3,6862.744114662581
ISI_Dengue_Model,BA,2,135837.49785774027
ISI_Dengue_Model,BA,1,29433.65945227064
ISI_Dengue_Model,BA,3,195686.4392320242
Cornell PEH,BA,2,177223.00357754217
Cornell PEH,BA,1,7061.19253586287
Cornell PEH,BA,3,4760.453906193517
Imperial-TFT Model,BA,2,67584.62245994076
Imperial-TFT Model,BA,1,7992.758032185837
Imperial-TFT Model,BA,3,4755.880980546909
Chronos-Bolt,BA,2,186202.3886201922
Chronos-Bolt,BA,1,9329.836257108382
Chronos-Bolt,BA,3,6742.376591506038
LNN-AR_p-1,BA,2,170973.64935657397
LNN-AR_p-1,BA,1,5937.1403960167145
LNN-AR_p-1,BA,3,6865.6709148339
Beat it,BA,2,138530.63713954887
Beat it,BA,1,8669.271767457303
Beat it,BA,3,18348.45008339595
IMPA-TECH,BA,2,57993.999795795295
IMPA-TECH,BA,1,31670.498126311053
IMPA-TECH,BA,3,122152.93994247435
CNNLSTM,BA,2,191507.1455003315
CNNLSTM,BA,1,3296.8910631397157
CNNLSTM,BA,3,1460.1756457703318
TSMixer ZKI-PH4,BA,2,190432.31747721363
TSMixer ZKI-PH4,BA,1,35721.91968225141
TSMixer ZKI-PH4,BA,3,8798.997251903575
LNCC-SURGE-1,BA,2,159010.55405005877
LNCC-SURGE-1,BA,1,6033.107364246266
LNCC-SURGE-1,BA,3,8801.076590880157
UERJ-SARIMAX-2,BA,2,144501.3618964855
UERJ-SARIMAX-2,BA,1,5779.039875040562
UERJ-SARIMAX-2,BA,3,12767.35451936717
GHR Model,BA,2,109319.21438380597
GHR Model,BA,1,4601.964471609054
GHR Model,BA,3,10676.495214208157
Dengue oracle M2,GO,2,218493.38611039412
Dengue oracle M2,GO,1,8663.351704884473
Dengue oracle M2,GO,3,20440.84825386593
"Model fourier-
gravidade",GO,2,212491.67583101653
"Model fourier-
gravidade",GO,1,9846.602116826476
"Model fourier-
gravidade",GO,3,36278.41101295998
LNCC-CLIDENGO-1,GO,2,259944.82905793158
LNCC-CLIDENGO-1,GO,1,43136.01353296147
LNCC-CLIDENGO-1,GO,3,38159.79950849908
Dengue Oracle M1,GO,2,250806.06756208398
Dengue Oracle M1,GO,1,7208.240618292627
Dengue Oracle M1,GO,3,8245.749202669795
LSTM-RF model,GO,2,97901.34931672184
LSTM-RF model,GO,1,13339.561225885198
LSTM-RF model,GO,3,31204.263985639696
ISI_Dengue_Model,GO,2,220145.94922230567
ISI_Dengue_Model,GO,1,48528.7882873604
ISI_Dengue_Model,GO,3,105085.08528010108
Cornell PEH,GO,2,235499.82512393093
Cornell PEH,GO,1,6835.56798923721
Cornell PEH,GO,3,13115.11265975918
Imperial-TFT Model,GO,2,64988.64851775592
Imperial-TFT Model,GO,1,14349.385566208244
Imperial-TFT Model,GO,3,21604.018961657093
Chronos-Bolt,GO,2,256228.01931930726
Chronos-Bolt,GO,1,8519.600404745466
Chronos-Bolt,GO,3,72237.05761767126
LNN-AR_p-1,GO,2,278997.13000176824
LNN-AR_p-1,GO,1,21194.749088419194
LNN-AR_p-1,GO,3,9357.993294379565
Beat it,GO,2,212031.0933677178
Beat it,GO,1,17038.17666068218
Beat it,GO,3,11437.37232734674
IMPA-TECH,GO,2,248172.1760856619
IMPA-TECH,GO,1,106290.87612641205
IMPA-TECH,GO,3,197525.16865801797
CNNLSTM,GO,2,258838.7359453684
CNNLSTM,GO,1,6569.567834447767
CNNLSTM,GO,3,16152.00432651468
TSMixer ZKI-PH4,GO,2,245724.627527577
TSMixer ZKI-PH4,GO,1,8584.390245629993
TSMixer ZKI-PH4,GO,3,17228.64202510764
LNCC-SURGE-1,GO,2,193404.94335651238
LNCC-SURGE-1,GO,1,12447.529572104866
LNCC-SURGE-1,GO,3,14947.77134748777
UERJ-SARIMAX-2,GO,2,221794.57354360202
UERJ-SARIMAX-2,GO,1,20435.160732510987
UERJ-SARIMAX-2,GO,3,26943.700373985368
GHR Model,GO,2,46685.074964138665
GHR Model,GO,1,13629.901359951235
GHR Model,GO,3,18167.982078176985
Dengue oracle M2,PI,2,3020.547266695452
Dengue oracle M2,PI,1,1783.0542301839164
Dengue oracle M2,PI,3,1019.9565867219756
"Model fourier-
gravidade",PI,2,3599.26825481774
"Model fourier-
gravidade",PI,1,1760.0817327857712
"Model fourier-
gravidade",PI,3,2349.9921256719954
LNCC-CLIDENGO-1,PI,2,3877.640703182842
LNCC-CLIDENGO-1,PI,1,2225.55459814418
LNCC-CLIDENGO-1,PI,3,1934.1366739410014
Dengue Oracle M1,PI,2,2065.608435613299
Dengue Oracle M1,PI,1,1121.5453720448252
Dengue Oracle M1,PI,3,1838.1837157619748
LSTM-RF model,PI,2,8545.94221854348
LSTM-RF model,PI,1,5087.3229097176545
LSTM-RF model,PI,3,5393.293913911363
ISI_Dengue_Model,PI,2,14815.691558456812
ISI_Dengue_Model,PI,1,2740.8904969910514
ISI_Dengue_Model,PI,3,15500.141572851331
Cornell PEH,PI,2,3942.72599884824
Cornell PEH,PI,1,1076.230212932109
Cornell PEH,PI,3,1417.6598614158493
Imperial-TFT Model,PI,2,1902.449256947344
Imperial-TFT Model,PI,1,962.3878565611041
Imperial-TFT Model,PI,3,1022.0354469554768
Chronos-Bolt,PI,2,10804.350201917465
Chronos-Bolt,PI,1,2230.4756120740853
Chronos-Bolt,PI,3,6135.225345316962
LNN-AR_p-1,PI,2,2097.479034230585
LNN-AR_p-1,PI,1,1163.9201813130787
LNN-AR_p-1,PI,3,756.9975323344966
Beat it,PI,2,2593.265119147248
Beat it,PI,1,1039.3267788214514
Beat it,PI,3,1010.5708549338568
IMPA-TECH,PI,2,4448.530676031612
IMPA-TECH,PI,1,147025.60860677235
IMPA-TECH,PI,3,16939.162705287006
CNNLSTM,PI,2,4368.135135431349
CNNLSTM,PI,1,275.0294060459182
CNNLSTM,PI,3,600.2815289731763
TSMixer ZKI-PH4,PI,2,11213.596895430546
TSMixer ZKI-PH4,PI,1,4556.8801991002465
TSMixer ZKI-PH4,PI,3,1094.9188315032045
LNCC-SURGE-1,PI,2,2709.928258676858
LNCC-SURGE-1,PI,1,1082.1541728420955
LNCC-SURGE-1,PI,3,1188.8827713664612
UERJ-SARIMAX-2,PI,2,3195.93880619261
UERJ-SARIMAX-2,PI,1,1630.0641818651575
UERJ-SARIMAX-2,PI,3,976.9627091736337
GHR Model,PI,2,3043.490784997017
GHR Model,PI,1,997.2122173700432
GHR Model,PI,3,1393.8338073125224
Dengue oracle M2,SP,2,1219908.8717242735
Dengue oracle M2,SP,1,34582.59943935536
Dengue oracle M2,SP,3,431987.1660456032
"Model fourier-
gravidade",SP,2,1753175.9843090768
"Model fourier-
gravidade",SP,1,93200.74217713013
"Model fourier-
gravidade",SP,3,449048.9548548695
LNCC-CLIDENGO-1,SP,2,1878349.1897895234
LNCC-CLIDENGO-1,SP,1,151783.74350615984
LNCC-CLIDENGO-1,SP,3,722606.1604483622
Dengue Oracle M1,SP,2,1555354.1667763502
Dengue Oracle M1,SP,1,31600.791143228267
Dengue Oracle M1,SP,3,106934.398261256
LSTM-RF model,SP,2,1535849.4084299973
LSTM-RF model,SP,1,50224.93004397315
LSTM-RF model,SP,3,387917.39660368185
ISI_Dengue_Model,SP,2,1792398.5237463105
ISI_Dengue_Model,SP,1,295613.41768571944
ISI_Dengue_Model,SP,3,265346.044456915
Cornell PEH,SP,2,2007446.057176591
Cornell PEH,SP,1,162669.3527608417
Cornell PEH,SP,3,776625.5282793797
Imperial-TFT Model,SP,2,1458308.9814389502
Imperial-TFT Model,SP,1,67623.62093001505
Imperial-TFT Model,SP,3,590997.0455476806
Chronos-Bolt,SP,2,1943169.7881054091
Chronos-Bolt,SP,1,185613.4233517161
Chronos-Bolt,SP,3,1101477.6478549133
LNN-AR_p-1,SP,2,1901943.9009904163
LNN-AR_p-1,SP,1,68335.30518269635
LNN-AR_p-1,SP,3,171167.49563310307
Beat it,SP,2,1468704.4538109417
Beat it,SP,1,51738.205041404566
Beat it,SP,3,192924.78961855557
IMPA-TECH,SP,2,751148.3811044582
IMPA-TECH,SP,1,735090.1535267902
IMPA-TECH,SP,3,16587947.172337545
CNNLSTM,SP,2,1898866.0474747142
CNNLSTM,SP,1,62628.29254412084
CNNLSTM,SP,3,702936.3063461214
TSMixer ZKI-PH4,SP,2,2014573.7714669572
TSMixer ZKI-PH4,SP,1,85825.74511374423
TSMixer ZKI-PH4,SP,3,154271.81401204472
LNCC-SURGE-1,SP,2,1193150.9569498885
LNCC-SURGE-1,SP,1,86650.36083957946
LNCC-SURGE-1,SP,3,278011.81929097406
UERJ-SARIMAX-2,SP,2,1480825.8365633013
UERJ-SARIMAX-2,SP,1,70552.70155155839
UERJ-SARIMAX-2,SP,3,2005796.1676842645
GHR Model,SP,2,1433794.204084054
GHR Model,SP,1,105063.63013044946
GHR Model,SP,3,101173.95791238335
Dengue oracle M2,DF,2,215542.8563689336
Dengue oracle M2,DF,1,5042.176800969658
Dengue oracle M2,DF,3,4702.9892511189755
"Model fourier-
gravidade",DF,2,260357.59002886267
"Model fourier-
gravidade",DF,1,7926.927056981577
"Model fourier-
gravidade",DF,3,11931.812243194398
LNCC-CLIDENGO-1,DF,2,272044.3648112143
LNCC-CLIDENGO-1,DF,1,28672.801193408086
LNCC-CLIDENGO-1,DF,3,3731.749600260346
Dengue Oracle M1,DF,2,225614.12102049342
Dengue Oracle M1,DF,1,5582.406794901584
Dengue Oracle M1,DF,3,26304.60533064879
LSTM-RF model,DF,2,80729.18300071951
LSTM-RF model,DF,1,9512.361196237882
LSTM-RF model,DF,3,7951.583564430873
ISI_Dengue_Model,DF,2,263847.25447071146
ISI_Dengue_Model,DF,1,12188.688942920875
ISI_Dengue_Model,DF,3,3724.864282636258
Cornell PEH,DF,2,262842.4642452286
Cornell PEH,DF,1,9530.411999393655
Cornell PEH,DF,3,3203.037688822134
Imperial-TFT Model,DF,2,230080.84960545952
Imperial-TFT Model,DF,1,6805.063145032537
Imperial-TFT Model,DF,3,4002.847877394413
Chronos-Bolt,DF,2,269535.97550707374
Chronos-Bolt,DF,1,12857.060328671007
Chronos-Bolt,DF,3,276597.8246374029
LNN-AR_p-1,DF,2,247152.17833591078
LNN-AR_p-1,DF,1,4508.593974219126
LNN-AR_p-1,DF,3,24467.55912675268
Beat it,DF,2,208684.67222508148
Beat it,DF,1,7750.497312772233
Beat it,DF,3,14783.979677529795
IMPA-TECH,DF,2,80326.50601282058
IMPA-TECH,DF,1,53820.79283590711
IMPA-TECH,DF,3,41519.58479402331
CNNLSTM,DF,2,266838.28165784857
CNNLSTM,DF,1,7978.305625481738
CNNLSTM,DF,3,2542.390988937925
TSMixer ZKI-PH4,DF,2,271926.7335322789
TSMixer ZKI-PH4,DF,1,12512.006391989853
TSMixer ZKI-PH4,DF,3,31807.26119024284
LNCC-SURGE-1,DF,2,233481.09010721665
LNCC-SURGE-1,DF,1,6713.256242005163
LNCC-SURGE-1,DF,3,7675.732939745135
UERJ-SARIMAX-2,DF,2,107570.43373278424
UERJ-SARIMAX-2,DF,1,4190.5962942940805
UERJ-SARIMAX-2,DF,3,5683.608984517439
GHR Model,DF,2,151067.7171038875
GHR Model,DF,1,10230.881867975564
GHR Model,DF,3,6673.014002590553
Dengue oracle M2,MT,2,1855.7624810105528
Dengue oracle M2,MT,1,2621.840808277459
Dengue oracle M2,MT,3,9411.98059303907
"Model fourier-
gravidade",MT,2,10410.331727222187
"Model fourier-
gravidade",MT,1,5327.536863655556
"Model fourier-
gravidade",MT,3,7994.099445719887
LNCC-CLIDENGO-1,MT,2,15577.31562177074
LNCC-CLIDENGO-1,MT,1,14494.246162422733
LNCC-CLIDENGO-1,MT,3,13290.593592422038
Dengue Oracle M1,MT,2,4134.988054693711
Dengue Oracle M1,MT,1,2488.254491547994
Dengue Oracle M1,MT,3,4441.913752689625
LSTM-RF model,MT,2,21419.733140136916
LSTM-RF model,MT,1,4974.702899179025
LSTM-RF model,MT,3,11768.974861900377
ISI_Dengue_Model,MT,2,8411.822569566542
ISI_Dengue_Model,MT,1,22053.97954362598
ISI_Dengue_Model,MT,3,13709.184432546466
Cornell PEH,MT,2,13623.188975407724
Cornell PEH,MT,1,5442.161763852574
Cornell PEH,MT,3,9891.622508015058
Imperial-TFT Model,MT,2,7823.062938122554
Imperial-TFT Model,MT,1,5148.016837007942
Imperial-TFT Model,MT,3,8002.079758822661
Chronos-Bolt,MT,2,23931.48476650215
Chronos-Bolt,MT,1,8999.278428884543
Chronos-Bolt,MT,3,6924.31095536367
LNN-AR_p-1,MT,2,9616.491605356514
LNN-AR_p-1,MT,1,7476.592945275583
LNN-AR_p-1,MT,3,7046.872695320493
Beat it,MT,2,5996.311706508213
Beat it,MT,1,3297.9037253418815
Beat it,MT,3,4369.1713663456285
IMPA-TECH,MT,2,15450.161586602668
IMPA-TECH,MT,1,17190.30809290939
IMPA-TECH,MT,3,43147.32856942462
CNNLSTM,MT,2,21175.272946624213
CNNLSTM,MT,1,6541.3787265161645
CNNLSTM,MT,3,16535.572939496215
TSMixer ZKI-PH4,MT,2,13317.915628162422
TSMixer ZKI-PH4,MT,1,4710.4155324632675
TSMixer ZKI-PH4,MT,3,2871.955159375152
LNCC-SURGE-1,MT,2,8117.693134721262
LNCC-SURGE-1,MT,1,3305.3359183509
LNCC-SURGE-1,MT,3,6157.554247117944
UERJ-SARIMAX-2,MT,2,7984.1795487826685
UERJ-SARIMAX-2,MT,1,3626.6738334743327
UERJ-SARIMAX-2,MT,3,4187.931567643889
GHR Model,MT,2,3340.1329744672807
GHR Model,MT,1,2502.7053253094023
GHR Model,MT,3,3147.454053805825
Dengue oracle M2,PB,2,7641.53310295233
Dengue oracle M2,PB,1,3114.348085386718
Dengue oracle M2,PB,3,835.0518180539958
"Model fourier-
gravidade",PB,2,2873.171741057628
"Model fourier-
gravidade",PB,1,2242.449370310178
"Model fourier-
gravidade",PB,3,2532.779427117662
LNCC-CLIDENGO-1,PB,2,4869.7564363454985
LNCC-CLIDENGO-1,PB,1,3157.831316233671
LNCC-CLIDENGO-1,PB,3,4684.679099323847
Dengue Oracle M1,PB,2,1635.8377209512091
Dengue Oracle M1,PB,1,2072.6644959770188
Dengue Oracle M1,PB,3,1979.595733378308
LSTM-RF model,PB,2,10830.485227424819
LSTM-RF model,PB,1,6146.954806396716
LSTM-RF model,PB,3,5589.187143537823
ISI_Dengue_Model,PB,2,4713.450956879152
ISI_Dengue_Model,PB,1,16790.78904663834
ISI_Dengue_Model,PB,3,4164.499442103794
Cornell PEH,PB,2,2223.861332936839
Cornell PEH,PB,1,1417.1112722745709
Cornell PEH,PB,3,1211.2951918621898
Imperial-TFT Model,PB,2,2640.9726457845636
Imperial-TFT Model,PB,1,3456.7623446142065
Imperial-TFT Model,PB,3,1281.494399424725
Chronos-Bolt,PB,2,7132.5848268929585
Chronos-Bolt,PB,1,1022.9334266221935
Chronos-Bolt,PB,3,10105.616816439499
LNN-AR_p-1,PB,2,1940.6149520463425
LNN-AR_p-1,PB,1,829.2059259272597
LNN-AR_p-1,PB,3,1178.5351940984115
Beat it,PB,2,2626.35515773154
Beat it,PB,1,6260.884829113831
Beat it,PB,3,3720.071503953056
IMPA-TECH,PB,2,4802.245805402501
IMPA-TECH,PB,1,74095.57465401255
IMPA-TECH,PB,3,8180.906895619059
CNNLSTM,PB,2,1006.4126604572643
CNNLSTM,PB,1,2667.9269848353933
CNNLSTM,PB,3,1352.2863527575944
TSMixer ZKI-PH4,PB,2,3778.3879483230176
TSMixer ZKI-PH4,PB,1,18572.54287202157
TSMixer ZKI-PH4,PB,3,625.803641883976
LNCC-SURGE-1,PB,2,1846.4972362474712
LNCC-SURGE-1,PB,1,2254.412565605204
LNCC-SURGE-1,PB,3,1887.8330126888707
UERJ-SARIMAX-2,PB,2,3680.922419412591
UERJ-SARIMAX-2,PB,1,5500.853311390892
UERJ-SARIMAX-2,PB,3,1302.303763358387
GHR Model,PB,2,7165.986907662633
GHR Model,PB,1,1600.27380874972
GHR Model,PB,3,2172.272276684565
Dengue oracle M2,RR,2,1457.3112352833607
Dengue oracle M2,RR,1,1070.8543155205834
Dengue oracle M2,RR,3,670.8765349776022
"Model fourier-
gravidade",RR,2,338.6205245607556
"Model fourier-
gravidade",RR,1,527.3602091760335
"Model fourier-
gravidade",RR,3,605.0417010688624
LNCC-CLIDENGO-1,RR,2,3719.6481102964576
LNCC-CLIDENGO-1,RR,1,1858.86661843785
LNCC-CLIDENGO-1,RR,3,3655.492119828291
Dengue Oracle M1,RR,2,805.8270409904519
Dengue Oracle M1,RR,1,993.778722113688
Dengue Oracle M1,RR,3,515.4976391339358
LSTM-RF model,RR,2,325.2388890622394
LSTM-RF model,RR,1,2493.6955517064384
LSTM-RF model,RR,3,681.2323795720068
ISI_Dengue_Model,RR,2,249.34547911258986
ISI_Dengue_Model,RR,1,72.09283087949476
ISI_Dengue_Model,RR,3,411.07147521638564
Cornell PEH,RR,2,156.42406006075558
Cornell PEH,RR,1,343.95562779873075
Cornell PEH,RR,3,188.80800967332354
Imperial-TFT Model,RR,2,120.05134427187603
Imperial-TFT Model,RR,1,39.97533620480734
Imperial-TFT Model,RR,3,85.94992833014958
Chronos-Bolt,RR,2,361.9508064848474
Chronos-Bolt,RR,1,22.613021108431354
Chronos-Bolt,RR,3,68.74794143659187
LNN-AR_p-1,RR,2,126.69750180539015
LNN-AR_p-1,RR,1,30.383117317165087
LNN-AR_p-1,RR,3,248.21076696311198
Beat it,RR,2,128.84240219063395
Beat it,RR,1,98.46005192787058
Beat it,RR,3,91.04958701362301
IMPA-TECH,RR,2,241.3752678588019
IMPA-TECH,RR,1,74.96303118890715
IMPA-TECH,RR,3,3527.676264668917
CNNLSTM,RR,2,62.1266442740516
CNNLSTM,RR,1,317.977243907057
CNNLSTM,RR,3,66.86708727334324
TSMixer ZKI-PH4,RR,2,575.8052920672031
TSMixer ZKI-PH4,RR,1,126.04217625170902
TSMixer ZKI-PH4,RR,3,42.491364717359836
LNCC-SURGE-1,RR,2,306.9373841864613
LNCC-SURGE-1,RR,1,482.2504546206318
LNCC-SURGE-1,RR,3,263.33168666908557
UERJ-SARIMAX-2,RR,2,53.20230161985707
UERJ-SARIMAX-2,RR,1,269.01648889954777
UERJ-SARIMAX-2,RR,3,155.32952370622414
GHR Model,RR,2,97.58598609406812
GHR Model,RR,1,48.04471205912724
GHR Model,RR,3,71.6167681529457
Dengue oracle M2,SC,2,233024.39499544224
Dengue oracle M2,SC,1,105397.31594200367
Dengue oracle M2,SC,3,106986.46774061643
"Model fourier-
gravidade",SC,2,324585.95900049957
"Model fourier-
gravidade",SC,1,111386.94794078327
"Model fourier-
gravidade",SC,3,7976.826360496788
LNCC-CLIDENGO-1,SC,2,356574.53954955784
LNCC-CLIDENGO-1,SC,1,149177.08413125787
LNCC-CLIDENGO-1,SC,3,20226.673791639987
Dengue Oracle M1,SC,2,160722.6235879227
Dengue Oracle M1,SC,1,107897.12930944245
Dengue Oracle M1,SC,3,30031.112356818856
LSTM-RF model,SC,2,104726.21626379713
LSTM-RF model,SC,1,80300.28436549623
LSTM-RF model,SC,3,12249.916632801065
ISI_Dengue_Model,SC,2,107196.04259422181
ISI_Dengue_Model,SC,1,848883.8478652011
ISI_Dengue_Model,SC,3,11282.789443219344
Cornell PEH,SC,2,350786.6881689902
Cornell PEH,SC,1,137985.20030598884
Cornell PEH,SC,3,13210.02597710883
Imperial-TFT Model,SC,2,339927.02535715845
Imperial-TFT Model,SC,1,121659.10548495786
Imperial-TFT Model,SC,3,6059.6248612026775
Chronos-Bolt,SC,2,192046.85235737916
Chronos-Bolt,SC,1,143411.54814797695
Chronos-Bolt,SC,3,480834.9960044749
LNN-AR_p-1,SC,2,176260.41197688133
LNN-AR_p-1,SC,1,66606.16300896608
LNN-AR_p-1,SC,3,84500.73500514675
Beat it,SC,2,222611.55641719836
Beat it,SC,1,86091.36896179705
Beat it,SC,3,42504.782611720795
IMPA-TECH,SC,2,5715825.748397058
IMPA-TECH,SC,1,3485439.4253980685
IMPA-TECH,SC,3,5767587.479562986
CNNLSTM,SC,2,351302.2600169652
CNNLSTM,SC,1,135255.24020851243
CNNLSTM,SC,3,5132.6433077987995
TSMixer ZKI-PH4,SC,2,174329.84252708373
TSMixer ZKI-PH4,SC,1,51566.747070029356
TSMixer ZKI-PH4,SC,3,75506.06786221388
LNCC-SURGE-1,SC,2,221904.2668572184
LNCC-SURGE-1,SC,1,87213.36464784283
LNCC-SURGE-1,SC,3,24376.379250902923
UERJ-SARIMAX-2,SC,2,47656.21921050868
UERJ-SARIMAX-2,SC,1,29182.23281568721
UERJ-SARIMAX-2,SC,3,285598.3484783133
GHR Model,SC,2,296572.5913534048
GHR Model,SC,1,138718.7003781224
GHR Model,SC,3,6598.202292584588
Dengue oracle M2,RO,2,2972.2047289040975
Dengue oracle M2,RO,1,1324.1408089870483
Dengue oracle M2,RO,3,3034.623598193644
"Model fourier-
gravidade",RO,2,1132.432368212777
"Model fourier-
gravidade",RO,1,3757.0974621591336
"Model fourier-
gravidade",RO,3,1139.8351206846382
LNCC-CLIDENGO-1,RO,2,1918.4797721645873
LNCC-CLIDENGO-1,RO,1,2805.1625859540436
LNCC-CLIDENGO-1,RO,3,2540.523238251563
Dengue Oracle M1,RO,2,3491.8350446340714
Dengue Oracle M1,RO,1,1507.4650360780042
Dengue Oracle M1,RO,3,3165.0512971825606
LSTM-RF model,RO,2,3074.7900806913135
LSTM-RF model,RO,1,2893.9998855830618
LSTM-RF model,RO,3,1484.7504116779928
ISI_Dengue_Model,RO,2,2071.389776054065
ISI_Dengue_Model,RO,1,1336.3461382136745
ISI_Dengue_Model,RO,3,1534.002515140803
Cornell PEH,RO,2,1192.664164943409
Cornell PEH,RO,1,6016.887405367033
Cornell PEH,RO,3,573.4826116399577
Imperial-TFT Model,RO,2,1021.5321269794954
Imperial-TFT Model,RO,1,8559.888456389406
Imperial-TFT Model,RO,3,1507.498944658035
Chronos-Bolt,RO,2,2852.4175597727512
Chronos-Bolt,RO,1,8929.768091863334
Chronos-Bolt,RO,3,1349.1677396286145
LNN-AR_p-1,RO,2,834.4420157658972
LNN-AR_p-1,RO,1,2160.4180641623216
LNN-AR_p-1,RO,3,494.80079483800756
Beat it,RO,2,1058.9162696320775
Beat it,RO,1,4159.55744739265
Beat it,RO,3,1180.8227800211266
IMPA-TECH,RO,2,3505.6348737731523
IMPA-TECH,RO,1,25991.732902274918
IMPA-TECH,RO,3,2362.393787433153
CNNLSTM,RO,2,754.7781385563774
CNNLSTM,RO,1,8459.430285411663
CNNLSTM,RO,3,723.5270143108896
TSMixer ZKI-PH4,RO,2,470.6695313386274
TSMixer ZKI-PH4,RO,1,3546.6195938803608
TSMixer ZKI-PH4,RO,3,1713.449104660566
LNCC-SURGE-1,RO,2,970.9767253297222
LNCC-SURGE-1,RO,1,3332.8404482908104
LNCC-SURGE-1,RO,3,1127.1128188571683
UERJ-SARIMAX-2,RO,2,732.0915435329314
UERJ-SARIMAX-2,RO,1,4100.680663040448
UERJ-SARIMAX-2,RO,3,389.2251839464296
GHR Model,RO,2,1025.5408511817893
GHR Model,RO,1,7200.700088493913
GHR Model,RO,3,1859.9464658716959
Dengue oracle M2,TO,2,1120.9065016220688
Dengue oracle M2,TO,1,1543.6629280028917
Dengue oracle M2,TO,3,1837.2599236025458
"Model fourier-
gravidade",TO,2,1104.8389588432801
"Model fourier-
gravidade",TO,1,1109.2005501272188
"Model fourier-
gravidade",TO,3,2511.822302599017
LNCC-CLIDENGO-1,TO,2,1008.0495218268568
LNCC-CLIDENGO-1,TO,1,1411.630929377043
LNCC-CLIDENGO-1,TO,3,761.0759983133831
Dengue Oracle M1,TO,2,1475.7354657761798
Dengue Oracle M1,TO,1,2030.4051019761032
Dengue Oracle M1,TO,3,1603.3455752702505
LSTM-RF model,TO,2,11791.67432112947
LSTM-RF model,TO,1,8291.381727082686
LSTM-RF model,TO,3,4900.511186601995
ISI_Dengue_Model,TO,2,4234.16566590137
ISI_Dengue_Model,TO,1,1124.1001889131605
ISI_Dengue_Model,TO,3,17288.23643165028
Cornell PEH,TO,2,794.8664676370279
Cornell PEH,TO,1,883.34982619217
Cornell PEH,TO,3,889.4218776593444
Imperial-TFT Model,TO,2,1262.5027437031001
Imperial-TFT Model,TO,1,659.1484075861081
Imperial-TFT Model,TO,3,1387.2898019464474
Chronos-Bolt,TO,2,2037.5373288792373
Chronos-Bolt,TO,1,550.7458305730886
Chronos-Bolt,TO,3,13625.098439548106
LNN-AR_p-1,TO,2,806.1583078058837
LNN-AR_p-1,TO,1,453.48574141950354
LNN-AR_p-1,TO,3,1505.1188131047372
Beat it,TO,2,1430.9867660572522
Beat it,TO,1,1900.0950612861711
Beat it,TO,3,1779.7052580165557
IMPA-TECH,TO,2,1285.0554407316727
IMPA-TECH,TO,1,16874.01314634188
IMPA-TECH,TO,3,1981.771699130443
CNNLSTM,TO,2,847.033237825488
CNNLSTM,TO,1,2804.7794284048864
CNNLSTM,TO,3,2388.4625562712026
TSMixer ZKI-PH4,TO,2,1308.6441671740592
TSMixer ZKI-PH4,TO,1,3214.9537109411503
TSMixer ZKI-PH4,TO,3,258.8098319309298
LNCC-SURGE-1,TO,2,1049.2654951072986
LNCC-SURGE-1,TO,1,1371.5637561754925
LNCC-SURGE-1,TO,3,1395.3350040775908
UERJ-SARIMAX-2,TO,2,692.9313688694838
UERJ-SARIMAX-2,TO,1,1899.4337294827933
UERJ-SARIMAX-2,TO,3,1132.433418242894
GHR Model,TO,2,6247.498204849682
GHR Model,TO,1,1281.7083330675166
GHR Model,TO,3,3543.509546245127
Dengue oracle M2,PR,2,392214.7028469935
Dengue oracle M2,PR,1,58818.971948351544
Dengue oracle M2,PR,3,61254.07450915883
"Model fourier-
gravidade",PR,2,577230.5185965156
"Model fourier-
gravidade",PR,1,116252.52265538916
"Model fourier-
gravidade",PR,3,32926.511450623926
LNCC-CLIDENGO-1,PR,2,638495.1566067743
LNCC-CLIDENGO-1,PR,1,194067.66527328207
LNCC-CLIDENGO-1,PR,3,87042.83382755745
Dengue Oracle M1,PR,2,303738.02657289075
Dengue Oracle M1,PR,1,76524.7392287349
Dengue Oracle M1,PR,3,24543.08251262328
LSTM-RF model,PR,2,162047.5011441131
LSTM-RF model,PR,1,78965.76766070149
LSTM-RF model,PR,3,38806.065089675445
ISI_Dengue_Model,PR,2,356410.0397250386
ISI_Dengue_Model,PR,1,48923.910815055366
ISI_Dengue_Model,PR,3,31083.31660446872
Cornell PEH,PR,2,613305.4431819632
Cornell PEH,PR,1,161127.04444813932
Cornell PEH,PR,3,48181.45450827853
Imperial-TFT Model,PR,2,456423.35911428585
Imperial-TFT Model,PR,1,55751.21624476786
Imperial-TFT Model,PR,3,24779.975318726185
Chronos-Bolt,PR,2,641116.4458746176
Chronos-Bolt,PR,1,182337.09347149864
Chronos-Bolt,PR,3,127259.43843286735
LNN-AR_p-1,PR,2,489850.178215837
LNN-AR_p-1,PR,1,53998.08713640009
LNN-AR_p-1,PR,3,54241.02762434872
Beat it,PR,2,331103.4319401378
Beat it,PR,1,50247.010586652694
Beat it,PR,3,46309.53522702203
IMPA-TECH,PR,2,552224.5685189284
IMPA-TECH,PR,1,687487.1114789982
IMPA-TECH,PR,3,3730842.124965377
CNNLSTM,PR,2,577749.1356983018
CNNLSTM,PR,1,134444.59596464637
CNNLSTM,PR,3,27018.556131479934
TSMixer ZKI-PH4,PR,2,422397.96363260644
TSMixer ZKI-PH4,PR,1,56644.66944101277
TSMixer ZKI-PH4,PR,3,76129.606853655
LNCC-SURGE-1,PR,2,327779.18733009056
LNCC-SURGE-1,PR,1,65856.61222451384
LNCC-SURGE-1,PR,3,48244.20823947075
UERJ-SARIMAX-2,PR,2,299367.7553961715
UERJ-SARIMAX-2,PR,1,39830.43523361088
UERJ-SARIMAX-2,PR,3,217794.68003157168
GHR Model,PR,2,411223.08615095983
GHR Model,PR,1,140972.55195130632
GHR Model,PR,3,25524.678321093113
Dengue oracle M2,RS,2,133437.51047131087
Dengue oracle M2,RS,1,5247.503632306956
Dengue oracle M2,RS,3,3982.560702330238
"Model fourier-
gravidade",RS,2,165407.4842080112
"Model fourier-
gravidade",RS,1,10465.344750412525
"Model fourier-
gravidade",RS,3,65434.80357209011
LNCC-CLIDENGO-1,RS,2,211892.4790798604
LNCC-CLIDENGO-1,RS,1,22899.373777521396
LNCC-CLIDENGO-1,RS,3,79351.5651485564
Dengue Oracle M1,RS,2,130123.76495447608
Dengue Oracle M1,RS,1,6473.10800615253
Dengue Oracle M1,RS,3,9900.256288373763
LSTM-RF model,RS,2,58102.07229818902
LSTM-RF model,RS,1,7854.711492379254
LSTM-RF model,RS,3,29216.985249883655
ISI_Dengue_Model,RS,2,53711.41050948627
ISI_Dengue_Model,RS,1,175061.43193155932
ISI_Dengue_Model,RS,3,395715.0514042279
Cornell PEH,RS,2,209642.90474999708
Cornell PEH,RS,1,27679.07355659134
Cornell PEH,RS,3,69874.34294689009
Imperial-TFT Model,RS,2,191930.6188499424
Imperial-TFT Model,RS,1,26240.409430385338
Imperial-TFT Model,RS,3,30914.84093312475
Chronos-Bolt,RS,2,172730.91794613452
Chronos-Bolt,RS,1,32346.287761374508
Chronos-Bolt,RS,3,199808.75205829152
LNN-AR_p-1,RS,2,188215.43391875015
LNN-AR_p-1,RS,1,9031.80753940508
LNN-AR_p-1,RS,3,19773.943130115054
Beat it,RS,2,168992.1243677292
Beat it,RS,1,12301.631277621687
Beat it,RS,3,21122.863037687563
IMPA-TECH,RS,2,1869277.2108403083
IMPA-TECH,RS,1,1120278.9714404622
IMPA-TECH,RS,3,8255435.855840244
CNNLSTM,RS,2,197928.49269166542
CNNLSTM,RS,1,30742.08115170135
CNNLSTM,RS,3,69577.0829314415
TSMixer ZKI-PH4,RS,2,127924.79124656606
TSMixer ZKI-PH4,RS,1,4529.99950811864
TSMixer ZKI-PH4,RS,3,15880.738743926639
LNCC-SURGE-1,RS,2,177088.59531990185
LNCC-SURGE-1,RS,1,18413.97021667135
LNCC-SURGE-1,RS,3,33346.11437851688
UERJ-SARIMAX-2,RS,2,174903.81002398478
UERJ-SARIMAX-2,RS,1,4698.5845704323565
UERJ-SARIMAX-2,RS,3,36477.140342037164
GHR Model,RS,2,185440.37678833248
GHR Model,RS,1,30712.900972066505
GHR Model,RS,3,51087.38593973118
Dengue oracle M2,PE,2,12156.309422082231
Dengue oracle M2,PE,1,13785.145868414185
Dengue oracle M2,PE,3,2575.333549780386
"Model fourier-
gravidade",PE,2,6945.191011693907
"Model fourier-
gravidade",PE,1,6008.686709575272
"Model fourier-
gravidade",PE,3,6095.850514111542
LNCC-CLIDENGO-1,PE,2,6136.058309070757
LNCC-CLIDENGO-1,PE,1,2337.941252747532
LNCC-CLIDENGO-1,PE,3,5285.634618739347
Dengue Oracle M1,PE,2,9177.144781249144
Dengue Oracle M1,PE,1,8104.812262664624
Dengue Oracle M1,PE,3,8126.431743297079
LSTM-RF model,PE,2,10762.625600179621
LSTM-RF model,PE,1,8301.744013117368
LSTM-RF model,PE,3,4746.279255929348
ISI_Dengue_Model,PE,2,6656.88331691042
ISI_Dengue_Model,PE,1,2023.443054782356
ISI_Dengue_Model,PE,3,2387.64108242832
Cornell PEH,PE,2,4743.695201960332
Cornell PEH,PE,1,3932.1886548552047
Cornell PEH,PE,3,3667.2559376826935
Imperial-TFT Model,PE,2,5444.147412450709
Imperial-TFT Model,PE,1,5332.31034625873
Imperial-TFT Model,PE,3,3050.816078005457
Chronos-Bolt,PE,2,15335.493221866174
Chronos-Bolt,PE,1,1208.2807827487586
Chronos-Bolt,PE,3,24877.73556955928
LNN-AR_p-1,PE,2,2852.6507707045953
LNN-AR_p-1,PE,1,2940.2605889645274
LNN-AR_p-1,PE,3,3391.403890125265
Beat it,PE,2,4940.937943439054
Beat it,PE,1,15419.477113243367
Beat it,PE,3,5308.585487438857
IMPA-TECH,PE,2,8090.105504714926
IMPA-TECH,PE,1,16361.055930591574
IMPA-TECH,PE,3,28564.28411440699
CNNLSTM,PE,2,1619.441963463574
CNNLSTM,PE,1,12529.028646135486
CNNLSTM,PE,3,1226.9872774495807
TSMixer ZKI-PH4,PE,2,10671.420166450054
TSMixer ZKI-PH4,PE,1,1835.129881484435
TSMixer ZKI-PH4,PE,3,3451.7613039369335
LNCC-SURGE-1,PE,2,4403.730557497723
LNCC-SURGE-1,PE,1,7801.334175202401
LNCC-SURGE-1,PE,3,3795.363108401397
UERJ-SARIMAX-2,PE,2,6450.898911533046
UERJ-SARIMAX-2,PE,1,4946.348281494429
UERJ-SARIMAX-2,PE,3,3683.2592027922688
GHR Model,PE,2,9262.6457445011
GHR Model,PE,1,2961.0385201782183
GHR Model,PE,3,2636.2850974822495
