model,state,validation_test,WIS,WIS_peak
108,RS,1,8921.236508076765,39719.212357010074
133,RS,1,609.0031339084992,2961.5812348259747
134,RS,1,3306.9717436534434,7863.63827727413
135,RS,1,576.3209401709402,2660.073287037037
136,RS,1,509.43386867372624,2744.1901798022354
137,RS,1,266.2141959594223,948.7142878188461
138,RS,1,1526.0458722750975,539.3897085211203
139,RS,1,507.38493589743587,2406.6092592592595
141,RS,1,38.10499889208795,157.0246664352162
143,RS,1,392.5033484434467,1980.0568901909592
144,RS,1,355.86350427350413,1505.0679166666666
145,RS,1,560.7450146104703,2686.2313255803297
150,RS,1,269.7524572649573,944.0907407407409
152,RS,1,608.291346153846,3156.8111111111107
154,RS,1,531.1617625367733,2351.3763316942905
155,RS,1,317.4690955212193,1305.3132174381512
156,RS,1,277.09277164867734,1078.538616590575
157,RS,1,179.23354700854696,573.8648148148147
108,RS,2,17769.9209496873,88991.02472883962
133,RS,2,2872.044724484183,15352.757144956238
134,RS,2,4142.949245682727,7943.766748999723
135,RS,2,3486.8425827991455,16329.742083333333
136,RS,2,3555.3170293857393,18572.845248298698
137,RS,2,1698.520098085813,6018.132292678155
138,RS,2,2185.810604282917,9485.068416779699
139,RS,2,3956.1020299145302,19430.227777777778
141,RS,2,268.6754204332176,1050.1585055365397
143,RS,2,3604.497722775712,19068.134563078693
144,RS,2,3250.3957425213675,15358.54037037037
145,RS,2,3819.8111693620062,19122.851327618537
150,RS,2,3518.0913461538466,17353.55555555556
152,RS,2,4143.42361111111,20394.59074074074
154,RS,2,3531.8558623897325,18258.07099218023
155,RS,2,2534.0906207863522,14520.422179347297
156,RS,2,2602.852099738867,13478.664723084099
157,RS,2,3169.044337606837,15444.088888888888
108,RS,3,94820.34845291633,377859.786223619
133,RS,3,4424.841418945944,12014.64698079427
134,RS,3,31662.78829054589,53114.34038092693
135,RS,3,1155.5495736434107,4710.722777777777
136,RS,3,657.2738575370275,2505.0977344916014
137,RS,3,718.6007978036176,2549.8065740740735
138,RS,3,1576.2004435419608,5070.439393209937
139,RS,3,1592.827648578811,6903.511111111111
141,RS,3,152.96565949114375,401.51979264533105
143,RS,3,1670.9915173592178,7312.197280996811
144,RS,3,764.2999224806201,2778.54462962963
145,RS,3,1577.2618440620731,6693.759835700607
150,RS,3,686.0412144702843,2058.525925925926
152,RS,3,1929.630490956072,7931.9740740740735
154,RS,3,1225.5712140126816,4704.38484532132
155,RS,3,478.54304355472726,1742.39262618001
156,RS,3,459.54582382950787,691.4487387485336
157,RS,3,900.958527131783,2733.9685185185185
108,RN,1,3215.4417563897296,3268.0193081914017
133,RN,1,219.00654063061742,511.14316582856424
134,RN,1,251.87104030731396,143.77773216918314
135,RN,1,44.662254273504274,64.16000000000001
136,RN,1,149.98017713133964,265.9020247153648
137,RN,1,121.8561442280377,165.6689814814815
138,RN,1,775.1984867450192,1287.5429839955398
139,RN,1,89.71485042735041,146.40185185185183
141,RN,1,13.076329692664745,34.29860395183581
143,RN,1,98.76601416086554,107.08578531477241
144,RN,1,109.3301762820513,146.54
145,RN,1,201.3585801617055,237.3715505501087
150,RN,1,215.32916666666668,180.8425925925926
152,RN,1,76.14882478632478,115.26481481481483
154,RN,1,107.51119883997416,173.62771466259258
155,RN,1,82.5626188502053,92.89623432202961
156,RN,1,116.42856553736061,113.25679924585926
157,RN,1,292.5330128205128,411.3333333333333
108,RN,2,153.2138768346857,674.7475315393509
133,RN,2,182.01093604299783,1008.641410022322
134,RN,2,1315.6658376715009,457.2137764305392
135,RN,2,123.56577724358974,177.10273148148147
136,RN,2,135.39835513113388,403.08186028661856
137,RN,2,249.67927709510693,732.5191420616062
138,RN,2,198.3195565955181,1054.8852110634903
139,RN,2,80.17831196581196,258.5740740740741
141,RN,2,26.047415383851163,98.9237985083737
143,RN,2,100.07541678970702,273.8762226740543
144,RN,2,100.52759615384618,306.40949074074075
145,RN,2,99.12982981717207,295.3524811295937
150,RN,2,92.69764957264957,541.8925925925925
152,RN,2,129.49166666666667,554.9333333333333
154,RN,2,85.21638996515375,216.62476142055553
155,RN,2,104.2861290475552,360.6046286351405
156,RN,2,193.1256946367906,215.16409316681538
157,RN,2,84.63098290598289,419.63148148148144
108,RN,3,67.10249765677207,148.35576019820445
133,RN,3,119.57282278568546,230.19933371367947
134,RN,3,753.4603822611847,1573.6969702488695
135,RN,3,48.84936046511628,81.0675462962963
136,RN,3,59.49924387340379,105.9555131871337
137,RN,3,95.61701550387598,200.13870370370356
138,RN,3,125.07854558619819,89.66005060620444
139,RN,3,84.24276485788114,154.26111111111115
141,RN,3,45.98590559634226,22.50577257567741
143,RN,3,138.33789635246714,181.18809895692038
144,RN,3,86.74418604651164,150.80328703703705
145,RN,3,179.36464963181496,395.5804827193329
150,RN,3,84.80335917312661,109.69444444444444
152,RN,3,54.42428940568475,78.91666666666667
154,RN,3,104.83238632097301,194.83950198277776
155,RN,3,102.47771154187816,207.98033392624907
156,RN,3,42.71512571531365,58.762083648902035
157,RN,3,73.17519379844961,141.62222222222223
108,RJ,1,286.86695364273396,648.4308703903657
133,RJ,1,184.22701552138395,381.75062176739203
134,RJ,1,627.0132503922396,1199.6495381383168
135,RJ,1,427.8500667735043,785.4430555555555
136,RJ,1,714.4084619259306,1782.7008738154088
137,RJ,1,326.04204567868265,640.2197123636423
138,RJ,1,579.6819679420796,1059.9436935757683
139,RJ,1,161.98728632478634,282.3851851851852
141,RJ,1,29.691098292755264,61.77221276191736
143,RJ,1,282.16097256138795,409.2777929341352
144,RJ,1,234.62309027777778,518.4338888888889
145,RJ,1,467.7277811613267,2104.822750949454
150,RJ,1,191.0198717948718,468.2962962962963
152,RJ,1,298.92382478632476,849.5037037037036
154,RJ,1,354.9265104673517,856.1051800448149
155,RJ,1,290.9857434874392,821.3588074140276
156,RJ,1,322.7397083570153,1060.2875982375324
157,RJ,1,199.25202991452994,446.1259259259259
108,RJ,2,3608.927067035594,10175.614512021753
133,RJ,2,5569.780808046126,25807.635578296806
134,RJ,2,2342.6105868214418,11805.66985525052
135,RJ,2,4820.978709935897,25186.487222222222
136,RJ,2,5830.114411847042,26553.659133364836
137,RJ,2,4016.840720286401,20223.786192129628
138,RJ,2,5001.4771425885565,25071.806449851327
139,RJ,2,4667.352777777778,24407.251851851852
141,RJ,2,327.517065580002,1469.787366987566
143,RJ,2,4081.2870117240477,22669.062332640755
144,RJ,2,4864.212598824785,24827.246064814815
145,RJ,2,4481.775324530075,24210.918683839864
150,RJ,2,5087.947542735042,25409.649999999998
152,RJ,2,4762.97670940171,24252.255555555555
154,RJ,2,2894.3298755392416,16582.16134873759
155,RJ,2,2798.3597413500047,18147.2495281873
156,RJ,2,2535.2926033875233,17404.40682123241
157,RJ,2,3749.654700854701,22748.814814814814
108,RJ,3,3640.9576754625414,2389.7733582562437
133,RJ,3,199.2258207513387,406.40320242422814
134,RJ,3,2605.028388137252,2494.25521196198
135,RJ,3,160.9320930232558,233.4037037037037
136,RJ,3,605.8156417362818,438.67692236940053
137,RJ,3,494.68027777777775,767.3624999999998
138,RJ,3,906.3322915813891,458.21373021041626
139,RJ,3,175.31757105943151,347.6111111111111
141,RJ,3,79.43624956457418,137.5033526706915
143,RJ,3,269.55770402632305,393.48595337337855
144,RJ,3,290.84657299741593,571.691481481481
145,RJ,3,610.8972069468118,134.2650646756513
150,RJ,3,381.7567183462532,537.3537037037037
152,RJ,3,260.0569767441861,617.6018518518518
154,RJ,3,462.2120469794376,855.9228438403703
155,RJ,3,568.8410871935665,698.6846619991719
156,RJ,3,111.52896212705785,268.57664774938706
157,RJ,3,658.3484496124032,655.262962962963
108,PI,1,2180.4753808890932,3564.757279907275
133,PI,1,42.47785485463362,143.51588672002813
134,PI,1,105.08511703695027,52.06855317119556
135,PI,1,27.34065972222222,73.01787037037036
136,PI,1,42.07228510510323,120.19802892710112
137,PI,1,109.9373560485821,198.22804687500002
138,PI,1,502.66656632471927,697.6515924686428
139,PI,1,26.042200854700848,75.39999999999999
141,PI,1,15.113863079662822,67.954706186597
143,PI,1,57.083427903591016,83.63347298657443
144,PI,1,28.51573450854701,69.32222222222224
145,PI,1,26.364079513204462,39.680403774965555
150,PI,1,32.66207264957265,42.12037037037037
152,PI,1,61.0857905982906,102.29259259259258
154,PI,1,29.884252398899466,70.73845678198147
155,PI,1,36.26582466446052,96.67445471768296
156,PI,1,39.8208438772156,72.35692666891686
157,PI,1,54.01282051282052,53.27407407407407
108,PI,2,97.53497663847726,237.4564161181719
133,PI,2,186.76661474480613,639.2273205439207
134,PI,2,284.40484747489086,813.9613597766175
135,PI,2,81.32392895299147,142.58837962962966
136,PI,2,62.31678193328953,195.8390517894726
137,PI,2,315.46108768008526,195.1729890046296
138,PI,2,194.71660355031742,627.3126403949656
139,PI,2,72.84978632478632,313.0685185185185
141,PI,2,17.124252550977605,15.977634507693624
143,PI,2,78.46932554815554,201.36727171297204
144,PI,2,80.22954594017094,372.0596759259259
145,PI,2,97.15795935108788,494.9028627022839
150,PI,2,62.419871794871796,261.5092592592593
152,PI,2,111.05042735042736,370.33518518518514
154,PI,2,70.80041054070898,174.24171050492592
155,PI,2,75.34457202177671,274.9305106813315
156,PI,2,79.57988328029228,150.2957942125165
157,PI,2,69.5232905982906,321.6611111111111
108,PI,3,305.92865278593086,709.5385664223828
133,PI,3,186.1881447851195,400.4653580842143
134,PI,3,882.6600692199738,329.9835512159735
135,PI,3,39.16285529715763,89.98226851851852
136,PI,3,32.40173712946519,72.55969679955501
137,PI,3,107.72464147286823,238.24986111111113
138,PI,3,46.29736294159481,33.52896278888
139,PI,3,31.608785529715757,69.43333333333334
141,PI,3,38.74628655835572,86.60091449865587
143,PI,3,66.38012120914703,93.61328625149203
144,PI,3,29.298724160206724,61.88763888888889
145,PI,3,19.383774557418953,21.524922875994815
150,PI,3,22.964470284237727,46.18518518518518
152,PI,3,54.11524547803617,125.36111111111113
154,PI,3,39.09455734463657,77.40161761777777
155,PI,3,39.87557795038713,71.37969550175018
156,PI,3,38.565318791094825,56.911400174206115
157,PI,3,29.675322997416025,52.785185185185185
108,PE,1,271.24974636351294,187.67014208420835
133,PE,1,50.104817437717045,60.14766732674667
134,PE,1,101.90774158526304,269.18341988494075
135,PE,1,67.62311164529913,70.10439814814815
136,PE,1,92.1129833790963,129.03084975849058
137,PE,1,189.57180544960963,208.74600405092596
138,PE,1,143.61146109965196,63.49978925282482
139,PE,1,141.4642094017094,184.27777777777774
141,PE,1,12.859525634795776,32.208555039269505
143,PE,1,211.4004560160841,218.89328502725814
144,PE,1,189.06370459401708,153.74157407407407
145,PE,1,290.79373324981555,366.2131530506717
150,PE,1,64.62393162393163,58.15555555555556
152,PE,1,81.63141025641025,88.7611111111111
154,PE,1,156.06242944244997,315.3395453707408
155,PE,1,141.03149086210027,97.70719993725483
156,PE,1,209.50165278529644,165.6563851130013
157,PE,1,137.6900641025641,128.4722222222222
108,PE,2,196.88103248602644,426.91668753438535
133,PE,2,236.9888688291236,778.1179787388513
134,PE,2,731.201975303876,651.6502035478654
135,PE,2,203.76478632478634,446.2915740740741
136,PE,2,167.75184877249023,311.014069663218
137,PE,2,411.7604830365326,321.38038773148145
138,PE,2,198.84479487649983,679.2896432040037
139,PE,2,111.92190170940171,213.79074074074074
141,PE,2,30.135051287082145,127.28200508261996
143,PE,2,185.6654132810413,250.61884113947687
144,PE,2,134.086842948718,247.9962037037037
145,PE,2,108.47701800756401,165.32908277526406
150,PE,2,109.21079059829061,276.82962962962966
152,PE,2,165.11623931623933,349.9296296296296
154,PE,2,145.99319390189913,233.9610516103704
155,PE,2,191.3174295817849,158.7443310597726
156,PE,2,277.62481144121244,153.60575206965686
157,PE,2,122.07660256410256,311.5407407407408
108,PE,3,420.8711630217102,657.025547492223
133,PE,3,581.2587434931337,181.58099810282147
134,PE,3,486.64039214312237,119.21198554913133
135,PE,3,83.10854005167958,168.42157407407407
136,PE,3,100.75119806176481,112.89876074800814
137,PE,3,184.31118863049096,128.4113425925926
138,PE,3,302.3687261537399,189.38149717771353
139,PE,3,108.5324289405685,90.18703703703704
141,PE,3,148.60959179228186,623.6666666666666
143,PE,3,164.59246032946456,181.1518496513354
144,PE,3,106.95056201550388,123.8137962962963
145,PE,3,116.85369872519772,51.96237103481129
150,PE,3,104.36925064599485,82.50925925925925
152,PE,3,121.26098191214471,144.19814814814814
154,PE,3,132.78627121892055,153.3961588837778
155,PE,3,162.0637416802153,138.18931869921002
156,PE,3,85.40746808503516,101.50489676179332
157,PE,3,123.63720930232559,110.68333333333334
108,PR,1,10643.65196939457,36721.35142161068
133,PR,1,3344.011057997156,17117.271267982764
134,PR,1,19765.184242845913,16122.245688697398
135,PR,1,2698.605397970086,12809.544305555553
136,PR,1,1226.9544238621581,6971.351293851302
137,PR,1,2424.2531687673268,13546.824245672839
138,PR,1,6148.06446894191,7424.56428658017
139,PR,1,2915.666559829059,15305.398148148151
141,PR,1,197.7723900309372,832.0449525791859
143,PR,1,2666.263666855782,15248.099736715252
144,PR,1,1428.4034428418802,7091.623564814815
145,PR,1,2651.457008163321,14570.09860177617
150,PR,1,1193.1634615384614,5209.420370370371
152,PR,1,3781.002564102564,18525.61111111111
154,PR,1,1673.964927805692,7709.406564717075
155,PR,1,2230.412212185296,11163.930172322673
156,PR,1,2007.61462755958,10818.64042579586
157,PR,1,1111.9580128205127,4875.8685185185195
108,PR,2,9817.6894830772,36223.418224058994
133,PR,2,11993.12640640063,42987.449511436185
134,PR,2,8279.194088884567,27359.97506930197
135,PR,2,7572.201338141025,20268.508287037035
136,PR,2,7959.290454359395,32020.654861395178
137,PR,2,6261.815115587862,23532.729370886733
138,PR,2,5890.475658579891,16925.225709143797
139,PR,2,11440.218162393166,41274.566666666666
141,PR,2,731.8034824401899,2247.878146538315
143,PR,2,10970.475488583043,41647.71976056983
144,PR,2,7060.559137286326,24598.46837962964
145,PR,2,10953.10069417644,40032.23896302605
150,PR,2,9282.388888888889,32625.848148148147
152,PR,2,12467.339529914527,44751.9
154,PR,2,6787.461875744974,23572.30679609837
155,PR,2,6299.739100539847,25026.40702035585
156,PR,2,7738.945634574188,27184.360218636724
157,PR,2,5940.707158119659,19817.600000000002
108,PR,3,59773.78372749589,191793.78602662266
133,PR,3,3667.130863073382,10923.778156647859
134,PR,3,18522.79486934002,41829.13162199606
135,PR,3,713.8681072351422,1488.018055555556
136,PR,3,598.9734744421776,1483.9093577444135
137,PR,3,862.5646673126613,2499.242962962963
138,PR,3,30314.686655934765,82523.05365135407
139,PR,3,981.0196382428941,3562.146296296296
141,PR,3,251.88360074722323,436.90098073319695
143,PR,3,715.674572540747,2254.6366146228993
144,PR,3,879.8078649870799,2495.4978703703696
145,PR,3,715.1957391851747,2896.3363372664353
150,PR,3,1224.4917312661496,2778.5833333333335
152,PR,3,2386.447416020672,7634.233333333333
154,PR,3,1101.9571976424113,3027.1165547082596
155,PR,3,606.068638352998,1395.5078192775488
156,PR,3,1663.673819673258,5774.9031991152
157,PR,3,4524.841214470284,12116.772222222222
108,PB,1,1066.7882143609024,911.2880757560698
133,PB,1,25.327460002899457,58.65861288706111
134,PB,1,403.01859094801216,671.0438735956698
135,PB,1,33.86158920940171,55.24625
136,PB,1,71.50479126319082,141.31505634387744
137,PB,1,191.89225627336322,272.0331694215555
138,PB,1,752.1895861160295,884.9349760893114
139,PB,1,51.16314102564103,76.5537037037037
141,PB,1,9.59860249005688,25.850020010057403
143,PB,1,86.44362545257954,99.91545895470482
144,PB,1,90.44826655982905,109.86148148148148
145,PB,1,83.85743634230934,56.690204623773525
150,PB,1,37.55363247863247,124.0259259259259
152,PB,1,97.90074786324789,101.60740740740742
154,PB,1,58.45365893137361,87.90350510314813
155,PB,1,53.67873117704499,52.96206527791556
156,PB,1,66.98639978193314,59.92889109724852
157,PB,1,120.24893162393163,132.5611111111111
108,PB,2,126.07130330522412,340.7072156122754
133,PB,2,135.97013059314554,696.4862976709983
134,PB,2,120.54471201460757,251.75747616180868
135,PB,2,153.88700587606834,152.6963425925926
136,PB,2,97.11290701072686,244.46206255758497
137,PB,2,392.0472935098192,1118.1184313298984
138,PB,2,154.2380961197263,630.3019944015019
139,PB,2,63.46955128205128,211.61481481481482
141,PB,2,22.627391789498876,93.12633563478512
143,PB,2,94.64341177736583,193.80555271572516
144,PB,2,81.66446047008547,218.48097222222225
145,PB,2,96.45295374844885,372.32469459395537
150,PB,2,98.93707264957264,477.40740740740745
152,PB,2,146.03974358974364,239.2888888888889
154,PB,2,66.72646923267831,152.64487890129632
155,PB,2,82.90978506227984,267.2379863873496
156,PB,2,189.62239690503307,127.59865448195389
157,PB,2,95.55876068376071,456.06296296296296
108,PB,3,133.28849203385195,113.82204845123537
133,PB,3,233.52050151036278,67.08438420471981
134,PB,3,226.3601860425823,104.27986834585722
135,PB,3,53.78902454780362,51.3274537037037
136,PB,3,64.25990232846723,104.6312154893263
137,PB,3,127.25239341085272,124.48037037037038
138,PB,3,64.3801357644693,56.93688251492926
139,PB,3,57.69521963824289,67.95555555555556
141,PB,3,15.952283459239675,41.6255624209441
143,PB,3,90.55959507106817,89.64443969373315
144,PB,3,72.97465439276486,59.45875
145,PB,3,90.03060594254494,38.57948043838426
150,PB,3,35.06912144702843,46.455555555555556
152,PB,3,138.4700258397933,159.92962962962963
154,PB,3,60.57900563629108,119.16903899425927
155,PB,3,60.10739871423052,66.74100615569888
156,PB,3,45.17618091135828,120.65054172748908
157,PB,3,41.666149870801036,55.99259259259259
108,PA,1,33.92889311476019,46.61217778665
133,PA,1,19.723252861112748,44.526900574018335
134,PA,1,112.83944997923457,146.1033728194196
135,PA,1,31.70670138888889,96.77629629629628
136,PA,1,39.571482432865686,142.73769324731595
137,PA,1,63.95749297637962,200.7730868505946
138,PA,1,42.055785433419445,76.10191025104184
139,PA,1,26.092307692307692,37.94814814814815
141,PA,1,6.067698126764748,13.00409979543064
143,PA,1,124.19345997867418,153.50870060390815
144,PA,1,17.967820512820513,34.92680555555555
145,PA,1,26.664049953926476,18.457456877101112
150,PA,1,20.621260683760678,37.38703703703703
152,PA,1,69.6219017094017,83.14074074074074
154,PA,1,30.69792901202436,42.73919043657407
155,PA,1,25.96087783616857,36.06155651734556
156,PA,1,23.55856963458548,33.031815165507226
157,PA,1,23.334294871794874,31.292592592592595
108,PA,2,137.4432879873742,554.9119205219373
133,PA,2,280.2784131070484,923.9023505776096
134,PA,2,151.1533557028781,377.66015155561666
135,PA,2,188.57001869658117,729.1193055555555
136,PA,2,212.03437469642566,866.1310086486907
137,PA,2,578.0166747912803,1219.4398359617278
138,PA,2,233.59388648808624,844.1149150631776
139,PA,2,166.92254273504275,580.7129629629629
141,PA,2,26.41544343513425,77.93752979701868
143,PA,2,138.42316083337502,272.8012504295057
144,PA,2,197.00834935897436,712.4902314814814
145,PA,2,202.2107736157794,786.7472480462739
150,PA,2,184.1760683760684,790.6203703703704
152,PA,2,272.72019230769234,1042.487037037037
154,PA,2,159.28112164096535,757.0927512860186
155,PA,2,145.40898102859484,627.4432531310409
156,PA,2,167.39160161214886,717.5740261073896
157,PA,2,170.03247863247864,690.311111111111
108,PA,3,177.28961446969197,273.6703620224052
133,PA,3,76.3627277122921,146.42516638437593
134,PA,3,554.9760682490421,616.0852537006028
135,PA,3,195.41651485788114,492.45879629629627
136,PA,3,217.9038804533769,637.4118868808241
137,PA,3,98.19162144702842,221.84652777777782
138,PA,3,117.25558330081456,78.14581083185259
139,PA,3,90.70555555555555,193.45740740740737
141,PA,3,30.833978270426133,64.43594199511189
143,PA,3,105.10040463785218,247.73122168647112
144,PA,3,110.63881459948317,283.38578703703706
145,PA,3,154.76000538262932,418.8759973633346
150,PA,3,57.04896640826873,166.26666666666668
152,PA,3,268.5437984496124,718.4462962962962
154,PA,3,94.79240864727481,247.90050749105555
155,PA,3,68.658311994299,166.49200684539073
156,PA,3,52.594215449229495,113.5096927339939
157,PA,3,66.01214470284236,163.70370370370372
108,MG,1,2785.398662969264,8991.877351685049
133,MG,1,1623.7120233617284,5186.933889487939
134,MG,1,3856.159488927042,14932.3969746675
135,MG,1,5124.228928952991,18913.239768518517
136,MG,1,4879.508058324484,19206.212475157256
137,MG,1,3092.8415697324945,14138.613098185388
138,MG,1,6615.948164503445,25706.584049343393
139,MG,1,4556.73311965812,18186.725925925926
141,MG,1,322.51635503917686,894.8357683242716
143,MG,1,3543.8306709505555,16157.392691718205
144,MG,1,2446.3637339743586,9735.145601851851
145,MG,1,3465.1625453032975,14321.19999266973
150,MG,1,3198.60235042735,12186.716666666667
152,MG,1,6728.010576923077,25601.19259259259
154,MG,1,2161.464185506917,7709.576784672962
155,MG,1,1525.6374597499967,5366.169406271339
156,MG,1,1570.3782822738006,4626.881186306407
157,MG,1,2588.8313034188036,9913.992592592593
108,MG,2,11789.388234191738,38741.47292422329
133,MG,2,31699.849709636335,119659.6112979465
134,MG,2,31500.27411161004,118303.1639154522
135,MG,2,21816.469708867524,93003.97592592593
136,MG,2,24774.692869507424,97441.63252127974
137,MG,2,25665.67055187442,104145.46439362451
138,MG,2,31055.138566101803,120928.80387805756
139,MG,2,31008.077884615384,117935.46851851851
141,MG,2,3759.1421091472143,12377.35815990464
143,MG,2,29373.960610103204,115507.25118769892
144,MG,2,25692.086896367528,102371.60643518518
145,MG,2,29619.137862126998,114279.06223627168
150,MG,2,30097.343696581196,112083.79814814815
152,MG,2,33549.72264957265,125140.75925925927
154,MG,2,22410.895231117673,83624.80817306573
155,MG,2,24873.65062713792,102504.39945891341
156,MG,2,21065.67227718219,94140.09232841172
157,MG,2,21884.753739316235,89586.16666666667
108,MG,3,20585.65139095369,26871.731391457735
133,MG,3,10567.150701155155,16904.289386212386
134,MG,3,15006.856669761817,15269.74619980182
135,MG,3,2739.8496479328164,6943.5199999999995
136,MG,3,1379.8320080049111,2446.8672809468753
137,MG,3,1566.2111240310076,3164.695787037037
138,MG,3,10222.130017807509,22350.323448459647
139,MG,3,644.0014211886305,1582.3499999999997
141,MG,3,336.82519636890936,208.35575111282506
143,MG,3,799.4451386518257,1232.5939008924695
144,MG,3,1358.1983688630487,2224.580648148148
145,MG,3,653.1785209752908,562.0386449408128
150,MG,3,867.7782945736434,1255.412962962963
152,MG,3,3581.547028423773,7484.246296296296
154,MG,3,1641.822927451351,2855.508085616852
155,MG,3,5190.547051617698,7629.257682257366
156,MG,3,572.3038384436337,732.1029518545702
157,MG,3,2949.725452196383,4644.15925925926
108,MS,1,1711.8046571545788,4184.419563050065
133,MS,1,182.03490343093807,436.44860461199573
134,MS,1,1648.3407173568687,460.7021160994416
135,MS,1,275.9535924145299,716.9543055555556
136,MS,1,255.6010797471526,665.5153434619028
137,MS,1,261.3178154621299,629.4000963162757
138,MS,1,592.1036695165122,2371.2961544086866
139,MS,1,271.3377136752137,919.6518518518518
141,MS,1,34.42481971512834,63.26294389559573
143,MS,1,380.53368673344903,1678.8510020927145
144,MS,1,258.2463327991453,833.1643981481478
145,MS,1,378.9732768123388,1640.9370351355408
150,MS,1,246.0292735042735,924.3592592592591
152,MS,1,469.6567307692308,1686.8500000000001
154,MS,1,284.73185266248015,875.3678999207963
155,MS,1,170.2668414042466,442.1553188054793
156,MS,1,171.72123268252784,450.82208032264225
157,MS,1,215.44444444444446,710.2796296296297
108,MS,2,1006.2197794563696,2352.084909457107
133,MS,2,81.64552392063037,237.49997506318445
134,MS,2,145.82046127065854,314.5517842737748
135,MS,2,363.1218082264958,810.3404166666666
136,MS,2,163.95232168885101,484.35667209076496
137,MS,2,365.44214307419594,511.7386342592593
138,MS,2,104.49925814591606,76.33026311889758
139,MS,2,92.42393162393161,211.36666666666667
141,MS,2,34.83801645837625,84.09188791874658
143,MS,2,84.90389113731864,158.52736348752612
144,MS,2,148.1372702991453,313.17361111111114
145,MS,2,140.33167825599327,212.19459824087411
150,MS,2,96.12211538461537,355.6074074074074
152,MS,2,171.46858974358975,544.0314814814815
154,MS,2,170.78549768486903,483.6538523369445
155,MS,2,207.43343010236126,277.96372099909894
156,MS,2,607.3964498391294,1026.726130904254
157,MS,2,122.79754273504275,247.52962962962962
108,MS,3,657.6589713806125,1660.2306480913612
133,MS,3,120.85941550873396,322.23118054425726
134,MS,3,1085.5405352057528,2842.6479032799216
135,MS,3,311.84519056847546,501.16439814814817
136,MS,3,88.27775192111426,278.93661863734815
137,MS,3,248.38190891472868,516.360648148148
138,MS,3,364.3747667413679,225.58106263933334
139,MS,3,118.79315245478034,193.41666666666666
141,MS,3,66.32696776064994,52.88592491409981
143,MS,3,336.87276231139856,457.8936987700287
144,MS,3,158.71461240310077,263.7504166666667
145,MS,3,231.6144119845075,262.0506738305987
150,MS,3,65.14870801033592,144.91296296296295
152,MS,3,106.22958656330749,245.0907407407407
154,MS,3,194.87762734000066,384.51073962035184
155,MS,3,225.74669002510566,433.6272946754286
156,MS,3,142.9663648594835,284.4824036436667
157,MS,3,106.99987080103361,206.3740740740741
108,MT,1,311.26875242623356,704.2614407665939
133,MT,1,181.89551219206547,612.2003500055357
134,MT,1,977.2296799841278,283.6773027686204
135,MT,1,119.9500373931624,334.48703703703706
136,MT,1,121.42948002216886,309.7234945778676
137,MT,1,182.00993580096008,346.8036161552407
138,MT,1,178.54675722311165,576.2959500642381
139,MT,1,104.91121794871795,286.8611111111111
141,MT,1,23.04186735563549,24.96595468983881
143,MT,1,115.18319045865636,244.80259030660054
144,MT,1,101.36568376068378,283.8496296296296
145,MT,1,135.89784451287298,598.2159046357893
150,MT,1,137.62350427350427,328.7907407407407
152,MT,1,346.19476495726497,1058.9370370370373
154,MT,1,95.15782159178879,208.21749972740736
155,MT,1,58.115894697846144,114.8364270562811
156,MT,1,57.91556074242016,106.83998709241797
157,MT,1,87.59829059829062,235.53148148148148
108,MT,2,343.20648529707796,827.2657919550069
133,MT,2,380.4526445767811,1477.077820664855
134,MT,2,377.417463959549,805.5336807146956
135,MT,2,121.12171474358976,270.9311574074074
136,MT,2,176.33350694444107,608.5919549776348
137,MT,2,901.282837279574,1542.498634298198
138,MT,2,259.2873039787157,1081.3720658921213
139,MT,2,229.41036324786322,998.7740740740741
141,MT,2,48.85766814757991,118.4810281198666
143,MT,2,218.20509529806665,894.3868754881547
144,MT,2,204.0324813034188,823.8937962962964
145,MT,2,391.22273471537153,1503.1439178744288
150,MT,2,198.25352564102565,765.7740740740741
152,MT,2,409.6325854700856,1349.1685185185186
154,MT,2,196.62040698578247,533.8916961064815
155,MT,2,134.85042915344061,551.2515940281937
156,MT,2,74.16601088499372,202.57684148015574
157,MT,2,178.81805555555553,756.8444444444444
108,MT,3,811.6413313019183,746.5393421834242
133,MT,3,277.8409582049335,234.65326911078444
134,MT,3,811.3535882268286,1020.5695479680359
135,MT,3,211.38092700258392,376.54574074074077
136,MT,3,314.0376962749685,1414.2468313352008
137,MT,3,223.31981266149867,720.5397222222222
138,MT,3,180.8163402233334,507.86065937283973
139,MT,3,178.49832041343672,502.5037037037037
141,MT,3,81.1514659736374,66.65177224087232
143,MT,3,186.53537794034284,472.6612053482589
144,MT,3,172.73961563307495,624.7395833333334
145,MT,3,347.17318577976056,1321.0668765401426
150,MT,3,242.6905684754522,1109.4462962962964
152,MT,3,423.99405684754515,1496.8351851851849
154,MT,3,272.4049607075172,1298.1346464465369
155,MT,3,206.06284386409644,807.6051413996526
156,MT,3,255.5114920678857,929.929539607354
157,MT,3,145.60723514211887,438.68333333333334
108,MA,1,203.79123464634299,354.7750474151473
133,MA,1,38.094599670222436,79.36904378819908
134,MA,1,220.12901272378247,684.6947499482053
135,MA,1,22.214772970085466,84.40893518518517
136,MA,1,44.63088514776963,226.42463753086886
137,MA,1,47.71646412314112,89.76104166666669
138,MA,1,65.04323502741407,19.40099380148037
139,MA,1,22.25972222222222,61.27037037037038
141,MA,1,6.4843071324588,10.796448238189852
143,MA,1,85.77487321348252,108.81698721426426
144,MA,1,23.091925747863247,55.57699074074075
145,MA,1,20.87150587315684,18.22457072556426
150,MA,1,39.619551282051276,43.37777777777777
152,MA,1,55.9457264957265,252.33148148148152
154,MA,1,24.93662115203173,56.63825902564815
155,MA,1,59.66586050167838,72.71741726228278
156,MA,1,65.51506096922964,68.07367029416352
157,MA,1,29.67980769230769,38.43703703703704
108,MA,2,77.21387118449243,285.88298148666814
133,MA,2,139.3191561319885,747.4683585802677
134,MA,2,125.16871655100914,420.21041268040386
135,MA,2,37.76413461538462,185.10356481481483
136,MA,2,70.15127233856967,355.79727053514165
137,MA,2,76.24505909455128,230.44006365740742
138,MA,2,147.44190789787396,787.084297793469
139,MA,2,60.23675213675214,351.1222222222222
141,MA,2,14.329747768967941,35.882744836374
143,MA,2,102.76846295707227,232.3394401832852
144,MA,2,57.79906517094017,316.8123611111111
145,MA,2,90.81954060838608,529.9964328296237
150,MA,2,101.79358974358972,574.075925925926
152,MA,2,95.72307692307692,308.9240740740741
154,MA,2,66.81929229024423,378.530929464926
155,MA,2,94.14861032031189,335.75643439225337
156,MA,2,155.5729712520429,206.07005601824608
157,MA,2,72.82660256410256,434.91481481481486
108,MA,3,129.3171885852501,265.6818621402447
133,MA,3,32.27626692108985,108.36212838490462
134,MA,3,74.09696654615097,179.33541435474316
135,MA,3,21.93574612403101,34.65393518518518
136,MA,3,28.063350656052037,53.52997425661556
137,MA,3,58.67588178294573,87.18351851851854
138,MA,3,115.03826086581314,54.271281804378695
139,MA,3,25.005297157622735,55.737037037037034
141,MA,3,23.570947166823547,30.721413300928692
143,MA,3,35.63597797521933,66.69046115168815
144,MA,3,26.151744186046514,51.481203703703706
145,MA,3,18.78790695124475,21.989597406859627
150,MA,3,31.290956072351428,90.36666666666667
152,MA,3,52.610852713178296,65.96111111111111
154,MA,3,24.328913462288373,46.18618397177778
155,MA,3,53.12126474989855,60.502844310570005
156,MA,3,27.796225169767045,100.8543323032198
157,MA,3,28.082299741602064,39.87777777777777
108,GO,1,1732.4728926843695,3985.6411389453037
133,GO,1,256.0729321536849,431.2919766461353
134,GO,1,3369.549504282214,5346.681902859535
135,GO,1,337.6356650641025,685.1937962962962
136,GO,1,361.0774661191482,562.0927009375938
137,GO,1,408.1896497928819,813.7079745370371
138,GO,1,723.0428766336626,686.7815610566936
139,GO,1,264.9270299145299,414.2055555555556
141,GO,1,52.22220203767141,96.7086411161776
143,GO,1,316.55870028377586,476.7363355848535
144,GO,1,309.02216346153847,575.0799074074074
145,GO,1,403.77944401069084,756.468431015941
150,GO,1,479.25587606837604,1117.4462962962962
152,GO,1,866.248076923077,2226.6222222222223
154,GO,1,340.1276936290396,724.3402814105556
155,GO,1,185.2119152377842,268.1798200113563
156,GO,1,190.62874445677338,249.46447241772182
157,GO,1,439.21666666666675,872.0037037037036
108,GO,2,4633.49218814118,15063.528934925072
133,GO,2,4624.224993881814,14872.261587524414
134,GO,2,5618.228118192049,12497.33799576617
135,GO,2,1335.9892628205125,3861.1183796296295
136,GO,2,1535.7620201955287,4691.581200844254
137,GO,2,2915.979560657145,11834.536767939813
138,GO,2,4558.918159211014,15365.388412066051
139,GO,2,4173.796153846155,13716.696296296295
141,GO,2,697.7087316465324,1357.6807071705223
143,GO,2,3992.4730639166296,13104.9285418475
144,GO,2,4065.3997542735046,13237.692592592592
145,GO,2,4821.27848027491,15401.085017686839
150,GO,2,5199.6272435897445,16093.131481481483
152,GO,2,5230.243055555556,16985.03333333333
154,GO,2,3599.5784479744734,10485.371591356667
155,GO,2,4791.308313248344,15244.576985652928
156,GO,2,4270.946996315656,14139.371067447762
157,GO,2,4040.4329059829065,13241.340740740741
108,GO,3,3671.880926111602,5584.439099355258
133,GO,3,2056.058014192012,3243.3763461642716
134,GO,3,4058.7187792770465,2051.6742504034514
135,GO,3,524.3176356589147,736.9898611111112
136,GO,3,654.9402664426133,1222.2102546376966
137,GO,3,669.4246543927649,1236.2135648148142
138,GO,3,4125.085883222424,1392.3882997889089
139,GO,3,327.9762273901809,508.0685185185185
141,GO,3,162.52713988885478,155.4400640499813
143,GO,3,1277.214002986534,1441.5782407407407
144,GO,3,312.98065568475454,438.74032407407407
145,GO,3,289.31558951239543,516.3350617765157
150,GO,3,371.1461240310078,540.4592592592593
152,GO,3,924.9397932816536,2446.8907407407405
154,GO,3,486.1570759959937,739.4179304700001
155,GO,3,314.13436459920916,384.48936257564907
156,GO,3,525.2788996074859,1298.169722371919
157,GO,3,679.7811369509044,1024.0018518518518
108,ES,1,2493.8457778080224,6998.655191468304
137,ES,1,830.3773580013956,3224.878355346876
139,ES,1,1624.7444444444445,5392.596296296296
141,ES,1,164.92012304636427,195.6371506911323
143,ES,1,1701.418318874001,5652.859600483941
144,ES,1,1289.5420486111097,2931.5653240740726
145,ES,1,1904.6825154565418,5791.013119117848
150,ES,1,2255.527243589744,6889.238888888889
152,ES,1,1828.027670940171,6004.58148148148
154,ES,1,1166.1972967729828,3214.8107715099995
155,ES,1,1665.2421832736281,4623.849319582892
156,ES,1,1642.691445422483,4178.494615008876
157,ES,1,2236.110576923076,6510.761111111111
108,ES,2,3038.4048822628106,5271.296165299124
137,ES,2,1463.3098630767252,2692.1426839711544
139,ES,2,2055.6426282051284,9763.97037037037
141,ES,2,186.02120645681345,562.8013294576814
143,ES,2,2164.423771543585,10141.53702605213
144,ES,2,1672.2649946581178,4960.490462962961
145,ES,2,2228.3769486402625,9854.566697921811
150,ES,2,54605.41335470086,74116.08148148148
152,ES,2,1777.4365384615387,8710.675925925925
154,ES,2,1447.4413710061067,7461.456933530186
155,ES,2,2184.949593343034,9710.385737048016
156,ES,2,1716.0368314404097,8601.08237897916
157,ES,2,783.0665598290598,3692.159259259259
108,ES,3,16322.091193801458,5964.715479127549
137,ES,3,482.02358527131776,1477.994722222222
139,ES,3,406.11317829457363,1932.861111111111
141,ES,3,78.3800789241252,152.09305543843791
143,ES,3,355.54995854079584,730.3329925960993
144,ES,3,1817.1854295865598,1974.0150925925889
145,ES,3,534.2399418119785,2361.741022113264
150,ES,3,271.7086563307494,717.0851851851852
152,ES,3,427.14586563307495,1431.8500000000001
154,ES,3,472.62676356937806,1685.1003795516851
155,ES,3,603.101496151303,2556.5405049090546
156,ES,3,515.8971437393233,2453.6492755719555
157,ES,3,290.88578811369507,826.8333333333334
108,DF,1,947.6029909269148,2574.744602815759
133,DF,1,189.86263691380603,189.9165097271987
134,DF,1,635.2788481601888,1074.999999999
135,DF,1,192.76069711538454,340.44
136,DF,1,190.76457834773475,253.82023414373853
137,DF,1,274.93174039104167,374.7673538834195
138,DF,1,437.61138869250834,531.227028421543
139,DF,1,218.65544871794873,205.29074074074074
141,DF,1,26.58831512134523,75.04873684762808
143,DF,1,125.29453270781741,162.53384043375593
144,DF,1,193.89003205128205,331.2863888888888
145,DF,1,145.30956323316366,49.770759255174255
150,DF,1,146.10480769230767,224.45555555555555
152,DF,1,532.9017094017095,969.7037037037038
154,DF,1,204.56672029594887,278.865339404963
155,DF,1,152.02248827932866,196.53857075582428
156,DF,1,148.6075543019469,206.68771023738222
157,DF,1,116.05641025641027,207.5222222222222
108,DF,2,3010.3985169305042,13032.464870576538
133,DF,2,5106.293497143853,21402.773672888015
134,DF,2,5000.662139145506,21126.01526740074
135,DF,2,3782.61219551282,18235.841018518517
136,DF,2,4208.976991144682,19139.645361616946
137,DF,2,2088.1660031491842,6506.438485111884
138,DF,2,5181.5774219580035,21629.987248011137
139,DF,2,4821.791025641025,20824.22407407407
141,DF,2,522.9984830937918,1324.509782339202
143,DF,2,4940.00167637727,21033.23813471264
144,DF,2,4231.425742521367,19163.58564814815
145,DF,2,5084.307101343888,21377.593291046738
150,DF,2,4775.992628205127,20629.901851851846
152,DF,2,5361.395085470085,21822.283333333333
154,DF,2,4436.199805264983,19447.582585067907
155,DF,2,4350.309869957189,19733.23890607697
156,DF,2,4180.107269299935,19631.228202197988
157,DF,2,3557.6662393162387,17050.82962962963
108,DF,3,763.193215204604,101.45585917599222
133,DF,3,6503.003969035777,498.88108746563915
134,DF,3,1281.8980197460462,1647.722857217114
135,DF,3,303.09870478036174,98.46898148148148
136,DF,3,141.61533445584854,121.46967585653427
137,DF,3,232.63130813953487,146.6763425925926
138,DF,3,1255.2166694411787,89.96274284834186
139,DF,3,134.22842377260983,108.93888888888888
141,DF,3,37.497769595672146,84.30669523031692
143,DF,3,445.9202514936747,157.9101369751824
144,DF,3,304.48029715762266,109.23162037037036
145,DF,3,204.89575556788805,131.88521888621094
150,DF,3,514.8125322997417,105.87592592592593
152,DF,3,131.17816537467698,300.0314814814815
154,DF,3,208.78363503151047,124.30636680818888
155,DF,3,551.1230827036212,140.85909826772058
156,DF,3,130.8848890899365,81.63154422778184
157,DF,3,174.0658914728682,66.98703703703704
108,CE,1,588.3515484649944,1437.1439427518878
133,CE,1,54.24709357074175,121.17598150748017
134,CE,1,1030.525703238132,528.8052762172656
135,CE,1,63.61476762820512,142.51199074074074
136,CE,1,132.92002678423881,236.39976698665555
137,CE,1,190.2712628845037,312.3131014141926
138,CE,1,590.7739549242008,1255.5340806648828
139,CE,1,124.19476495726495,350.59444444444443
141,CE,1,17.160209695535652,20.86303810593431
143,CE,1,215.20635752046215,317.38606865494313
144,CE,1,124.49573183760685,293.910462962963
145,CE,1,223.84605948362358,762.469392888153
150,CE,1,156.86399572649572,239.60925925925926
152,CE,1,130.12831196581197,149.02592592592592
154,CE,1,161.9743050683041,200.5025594437037
155,CE,1,83.03418128064112,193.05555041155313
156,CE,1,107.45313978804417,283.13300989487647
157,CE,1,185.42083333333338,485.975925925926
108,CE,2,81.33572694681354,205.5420079082974
133,CE,2,44.31613307855026,136.0038187662761
134,CE,2,156.84062451955882,264.15427216072203
135,CE,2,244.53650908119656,613.9432407407406
136,CE,2,177.5760140762448,270.45884688261964
137,CE,2,494.34758519571835,193.33333333333334
138,CE,2,208.87914024748204,412.10544408842685
139,CE,2,132.2919871794872,233.54814814814813
141,CE,2,12.301957942260922,34.34681341065438
143,CE,2,226.54396435806905,267.3033760494654
144,CE,2,130.97638621794871,171.4387037037037
145,CE,2,198.48163700250828,147.4213579448648
150,CE,2,72.4125,134.47407407407405
152,CE,2,90.45608974358976,247.4277777777778
154,CE,2,152.18439355887253,288.19597741111113
155,CE,2,275.9850165063816,166.63671992365315
156,CE,2,362.50451926637714,162.09747615950872
157,CE,2,80.33247863247863,128.83703703703705
108,CE,3,76.86872700005205,176.38184457966426
133,CE,3,109.98801744840361,231.04859709563166
134,CE,3,729.3294543157066,1822.581714313319
135,CE,3,139.7455684754522,267.3584259259259
136,CE,3,128.19781535720585,245.645989581073
137,CE,3,270.33524224806206,767.1868981481481
138,CE,3,383.9206295634869,1384.4212960418542
139,CE,3,198.0409560723514,458.49259259259253
141,CE,3,53.456266909813614,150.9291196648197
143,CE,3,295.2860462829435,462.9003273999256
144,CE,3,203.51880167958655,438.73675925925926
145,CE,3,414.40390686575745,1099.160574180563
150,CE,3,146.98385012919894,286.66111111111115
152,CE,3,66.62855297157621,92.09444444444445
154,CE,3,247.16140646870804,332.5490321914815
155,CE,3,238.5859721630419,430.5554622366822
156,CE,3,157.20671253629678,292.4749880872387
157,CE,3,125.76072351421188,325.57037037037037
108,BA,1,580.6896611951262,1621.7812633928709
133,BA,1,235.73002032581496,233.34256748623315
134,BA,1,1093.5779796663899,2948.4962507525634
135,BA,1,228.05108440170937,118.58944444444444
136,BA,1,238.42749034784185,401.4163087470595
137,BA,1,208.84781856698572,269.3071827602061
138,BA,1,609.5813114035768,837.5121012619987
139,BA,1,167.11367521367524,233.58333333333337
141,BA,1,38.35421810496337,46.188068272350016
143,BA,1,288.5358948893016,358.20449244181356
144,BA,1,184.10575053418808,269.4611111111111
145,BA,1,153.42546747789814,96.60909761543905
150,BA,1,227.40598290598294,350.6666666666667
152,BA,1,296.5855769230769,527.9870370370371
154,BA,1,178.9722063288398,302.6370331538889
155,BA,1,209.30400450989362,175.9560008094339
156,BA,1,194.47372603247956,213.4551380033624
157,BA,1,166.49198717948715,241.0907407407407
108,BA,2,1581.643148074818,6147.819375546689
133,BA,2,3409.2339015039634,15619.49380481861
134,BA,2,2917.5371396151977,13328.290838497574
135,BA,2,2110.651081730769,10141.199999999999
136,BA,2,1935.3327649988428,9580.363409213345
137,BA,2,3018.2307052130523,15140.10359375
138,BA,2,3654.3724420750423,16801.680360189614
139,BA,2,3192.3674145299146,15441.998148148146
141,BA,2,425.76358543816247,2188.9969221903657
143,BA,2,2768.615100785402,13614.645869382233
144,BA,2,3043.66593215812,14795.149490740741
145,BA,2,3617.2207213739457,16557.649428000394
150,BA,2,3332.3490384615384,15915.509259259261
152,BA,2,3822.7491452991453,17121.205555555556
154,BA,2,3043.970895385532,14270.429332829073
155,BA,2,3286.1073606270297,16213.964993149757
156,BA,2,3077.414087049093,15191.810648753648
157,BA,2,2870.3349358974356,14094.929629629629
108,BA,3,2279.282448978171,5984.69567432394
133,BA,3,111.13279539201942,168.45136899594868
134,BA,3,4372.1256307256535,11042.629991814727
135,BA,3,258.803226744186,725.795787037037
136,BA,3,197.98679206884967,287.74100426596146
137,BA,3,199.3882784237726,330.767037037037
138,BA,3,1083.5709183642166,1153.135977998498
139,BA,3,166.32739018087855,336.3148148148148
141,BA,3,161.49619767884786,51.10110688378413
143,BA,3,292.68384905847165,406.03748892325035
144,BA,3,268.2158042635659,549.5169444444444
145,BA,3,121.82778242473029,285.27530077078626
150,BA,3,231.9644702842377,369.5777777777777
152,BA,3,235.73733850129202,335.1740740740741
154,BA,3,235.80874773036433,455.75382614888895
155,BA,3,398.1621436245217,947.7633247711528
156,BA,3,180.0425929621903,309.49082751942495
157,BA,3,338.7249354005168,762.0537037037037
108,TO,1,254.79152113496397,454.8764093416973
133,TO,1,19.350121000281888,29.815809532447037
134,TO,1,146.00209980306073,167.51134309060427
135,TO,1,26.61705128205129,60.884629629629636
136,TO,1,19.301533524976882,42.45217640171703
137,TO,1,124.28793742375044,116.46248553240746
138,TO,1,97.58433365157549,125.51279454745055
139,TO,1,29.516025641025635,45.479629629629635
141,TO,1,7.079462130653164,16.412452064980233
143,TO,1,39.234924621255864,53.72833343435111
144,TO,1,31.87992254273505,55.20263888888889
145,TO,1,60.46429129092538,79.35329914103018
150,TO,1,14.32724358974359,38.80185185185186
152,TO,1,47.55534188034188,46.224074074074075
154,TO,1,34.718788337816136,73.78409866675926
155,TO,1,30.99765796656013,37.83413670615611
156,TO,1,24.189710700675935,31.352678755454814
157,TO,1,49.01997863247863,60.596296296296295
108,TO,2,31.125581235617293,76.70985932528316
133,TO,2,36.3026242521091,170.6997451888237
134,TO,2,128.83271052330335,311.2261617950591
135,TO,2,99.56780982905981,304.9910185185185
136,TO,2,28.889573382710235,54.633016434212216
137,TO,2,298.6837650181129,73.66157118055557
138,TO,2,72.03536455568397,79.8848452999235
139,TO,2,27.921688034188033,41.824074074074076
141,TO,2,5.445208542898478,17.98080989882212
143,TO,2,39.010565646896886,51.71962959148203
144,TO,2,30.007224893162395,54.783842592592585
145,TO,2,36.445666931717994,17.67248661918111
150,TO,2,24.366132478632473,44.85925925925926
152,TO,2,39.67692307692308,116.81481481481482
154,TO,2,26.985774590203313,54.70001880644444
155,TO,2,31.59170792893298,48.84516075978278
156,TO,2,27.171430978593303,54.39611170666314
157,TO,2,22.651923076923076,43.30555555555555
108,TO,3,46.71819483710423,68.09739007781407
133,TO,3,299.588125791969,418.38337112709246
134,TO,3,627.457254919865,448.2666488045629
135,TO,3,80.37786175710595,46.81351851851852
136,TO,3,26.245969774650934,48.83000504522908
137,TO,3,105.10444767441854,173.09675925925933
138,TO,3,85.80392369287023,41.50865194519222
139,TO,3,37.85439276485788,31.637037037037036
141,TO,3,24.45147935936054,146.6565022664324
143,TO,3,96.04491472071754,96.05926004339149
144,TO,3,37.19035529715763,34.21087962962962
145,TO,3,68.60301557000815,32.97035031771
150,TO,3,36.61524547803617,30.13888888888889
152,TO,3,19.250387596899227,37.02962962962963
154,TO,3,32.33852343869574,57.385959330796304
155,TO,3,32.72821951096341,25.509682145849997
156,TO,3,34.83198205141839,24.308104525201855
157,TO,3,40.519379844961236,37.33518518518519
108,AM,1,40.049140100078425,55.193068724791296
133,AM,1,41.764074980497824,99.26189250592536
134,AM,1,86.68067852401039,37.491088911879814
135,AM,1,29.072964743589747,46.90023148148148
136,AM,1,25.473848515635805,39.357844240123335
137,AM,1,58.158752748687135,123.86214409722221
138,AM,1,122.06254261016798,202.9031889016878
139,AM,1,44.1201923076923,111.74814814814813
141,AM,1,7.883232734103203,11.209795424681582
143,AM,1,68.36869537932243,75.59699213946352
144,AM,1,22.98849358974359,41.15712962962964
145,AM,1,81.93066732188484,108.81887094420222
150,AM,1,25.265918803418803,47.80925925925927
152,AM,1,83.91143162393163,59.05185185185186
154,AM,1,60.28918391929402,53.44345537740742
155,AM,1,240.1840220604517,459.60061635196297
156,AM,1,159.4891666969038,290.5474600124263
157,AM,1,30.74615384615384,40.044444444444444
108,AM,2,77.2179954987336,124.30452735111703
133,AM,2,86.886968188409,363.7840167504822
134,AM,2,84.22697842885151,267.7685374645298
135,AM,2,83.54184829059828,133.5786574074074
136,AM,2,52.071509273484125,117.94816417796407
137,AM,2,439.2244150356221,1088.3157203788312
138,AM,2,58.40377145413462,192.13317571245372
139,AM,2,44.96581196581196,115.96111111111111
141,AM,2,15.31078071838806,33.225694470498716
143,AM,2,73.9103620459891,118.05684945495075
144,AM,2,55.50025106837606,234.77069444444442
145,AM,2,79.06271290791568,101.5820150974963
150,AM,2,58.479914529914524,240.41851851851848
152,AM,2,178.92756410256408,518.6481481481482
154,AM,2,83.10694148393335,242.8292111867963
155,AM,2,263.82744999277395,392.21936605091446
156,AM,2,260.86468412934767,315.00840171963074
157,AM,2,48.11581196581198,154.11111111111111
108,AM,3,38.8880142198291,65.53972948672761
133,AM,3,24.723244338811806,41.8616759688774
134,AM,3,47.33818052463068,81.69499234653814
135,AM,3,131.97049095607235,97.95166666666667
136,AM,3,25.921947429243627,32.69320374995075
137,AM,3,51.26294250645995,115.56111111111113
138,AM,3,27.547474804650694,43.07691623602907
139,AM,3,41.35490956072351,97.99259259259259
141,AM,3,37.008822617586034,19.35281208540003
143,AM,3,64.4427111396496,73.88574245594167
144,AM,3,20.38568475452196,32.283055555555556
145,AM,3,83.4645544328178,144.32855417545147
150,AM,3,20.116149870801035,31.81851851851852
152,AM,3,117.96705426356593,202.54814814814816
154,AM,3,48.849083891693674,88.61384037066667
155,AM,3,100.81741380387516,256.58082149824054
156,AM,3,124.98198954325973,273.66206299916075
157,AM,3,26.87571059431524,38.24814814814815
108,SE,1,673.5179922421984,1030.299218879796
133,SE,1,22.57735290450823,49.51451523921333
134,SE,1,99.68706644793991,106.77124076265686
135,SE,1,16.92459935897436,36.400416666666665
136,SE,1,36.17582348393255,58.72708148042852
137,SE,1,50.38328380756847,34.887063078703704
138,SE,1,84.71667203804056,98.34128504680758
139,SE,1,13.896688034188033,20.22037037037037
141,SE,1,4.054660944609234,4.567680545845241
143,SE,1,29.498212340754126,36.21166675708833
144,SE,1,20.27011485042735,32.034861111111105
145,SE,1,10.466593975825116,11.206925132042223
150,SE,1,20.102991452991454,20.229629629629628
152,SE,1,17.420405982905983,30.920370370370375
154,SE,1,18.337911750125322,24.374432484061114
155,SE,1,14.862111049421303,23.259588051020742
156,SE,1,15.075184125520876,21.326360568334813
157,SE,1,34.39807692307692,24.055555555555557
108,SE,2,197.74542586497233,106.33323431339687
133,SE,2,29.982185254951883,71.01986490002814
134,SE,2,25.128114920555795,82.47605238212407
135,SE,2,13.054983974358976,21.517083333333336
136,SE,2,48.56444228051533,85.39177763007483
137,SE,2,34.00101746127137,37.01474826388889
138,SE,2,45.81732247718157,23.63389342506351
139,SE,2,14.27200854700855,22.259259259259256
141,SE,2,4.046423148665036,5.478851615296744
143,SE,2,30.15205849460028,33.055784776475
144,SE,2,23.468480235042737,32.234212962962964
145,SE,2,11.877507702890256,15.117443145602962
150,SE,2,16.32724358974359,31.26851851851852
152,SE,2,38.99935897435898,26.394444444444446
154,SE,2,16.69188110186731,28.052629806640738
155,SE,2,21.60273827566437,17.38010404207685
156,SE,2,52.831750860350475,39.20845013540093
157,SE,2,18.07051282051282,18.17222222222222
108,SE,3,79.59235984178675,219.76843454823447
133,SE,3,7.450806243906627,16.501527556664442
134,SE,3,238.9380131990717,192.16422247254073
135,SE,3,17.96482235142119,18.544722222222223
136,SE,3,30.546496104454597,53.331514260927406
137,SE,3,45.57022932816538,53.113518518518525
138,SE,3,24.384081866535436,7.177601838214261
139,SE,3,12.83720930232558,18.935185185185187
141,SE,3,32.5546184532971,47.46148786625928
143,SE,3,15.192157471333775,23.066341597945925
144,SE,3,15.989880490956072,31.550972222222228
145,SE,3,14.110490122907548,10.92888625082852
150,SE,3,9.887984496124032,28.66296296296296
152,SE,3,30.949095607235144,60.20185185185185
154,SE,3,20.164969555422093,28.600124349161117
155,SE,3,21.186051232652098,16.916938709586855
156,SE,3,8.169656911694496,16.860419976391665
157,SE,3,17.05607235142119,16.188888888888886
108,AP,1,8.530335672317545,43.95707222586278
133,AP,1,10.963932604031925,62.70391773781796
134,AP,1,19.800356058641476,75.25089302475482
135,AP,1,14.546362179487177,70.78819444444444
136,AP,1,14.737433825723835,72.58576058649686
137,AP,1,48.387865435545415,16.060963541666666
138,AP,1,14.635133457508589,75.03656068562425
139,AP,1,8.041666666666666,27.599999999999998
141,AP,1,2.4102271333974428,12.62968790891822
143,AP,1,12.990865172687508,19.52115862811037
144,AP,1,8.610611645299146,49.36944444444445
145,AP,1,13.502298256016218,32.83447045063444
150,AP,1,8.321474358974358,47.164814814814825
152,AP,1,94.53237179487178,111.8648148148148
154,AP,1,12.518262849580555,58.73182026392407
155,AP,1,12.142184720213548,57.10883652000555
156,AP,1,12.65775865788499,59.776545773886106
157,AP,1,7.559294871794872,25.692592592592593
108,AP,2,121.38776253550853,445.4363465432798
133,AP,2,198.07809835489195,608.6333340971645
134,AP,2,160.256402567906,307.3618243702772
135,AP,2,196.84455662393162,606.0126851851852
136,AP,2,188.76139653085892,595.8336549102825
137,AP,2,295.49035749416413,1154.382321496427
138,AP,2,185.89196606324913,597.877942803421
139,AP,2,154.7048076923077,509.4092592592592
141,AP,2,27.968044730021628,105.60744156009622
143,AP,2,109.9611647874901,472.6518373842661
144,AP,2,179.81677083333335,567.5194907407407
145,AP,2,171.95072100740182,570.0354730066484
150,AP,2,187.75384615384613,595.2574074074074
152,AP,2,72.59465811965812,276.1648148148148
154,AP,2,148.8661345161496,502.0636164274556
155,AP,2,140.53796637057485,503.9281704112046
156,AP,2,151.48088845578852,524.7681709168525
157,AP,2,166.03717948717951,562.1407407407407
108,AP,3,221.5820169281805,285.1307152437582
133,AP,3,24.83372396264599,34.16062279719018
134,AP,3,158.81607276037346,155.58429322030352
135,AP,3,15.330248708010334,41.10055555555556
136,AP,3,32.79696446919996,99.35694496943815
137,AP,3,29.610313307493545,53.606712962962966
138,AP,3,106.34117159610824,91.04340961022018
139,AP,3,13.48656330749354,30.457407407407405
141,AP,3,5.610579045563551,4.764953769633063
143,AP,3,17.948462260046472,29.408379222728147
144,AP,3,17.130245478036173,39.319398148148146
145,AP,3,16.857506908527785,65.36828068741075
150,AP,3,14.051162790697672,23.631481481481483
152,AP,3,42.418217054263565,27.97962962962963
154,AP,3,19.23662562696254,39.810996429477775
155,AP,3,16.83048214582808,22.882535036616478
156,AP,3,21.264484855297763,24.674300419792967
157,AP,3,18.29160206718346,14.116666666666665
108,SP,1,11427.552994901962,36322.72736633193
133,SP,1,3023.2054259340994,14654.329208939163
134,SP,1,5939.8433061873675,1524.9136072022254
135,SP,1,2053.085801282051,5916.6825
136,SP,1,1765.1929416612902,5727.339830764405
137,SP,1,1581.2727506300178,7347.4061501107835
138,SP,1,2603.5909261457614,7705.4282075601905
139,SP,1,2909.885149572649,13292.43148148148
141,SP,1,218.00092251084382,993.6266214011563
143,SP,1,1841.2617374921451,7817.107454540111
144,SP,1,1375.8932959401707,5560.798194444444
145,SP,1,1594.1304174752008,8074.874106437248
150,SP,1,1396.1297008547008,5250.742592592592
152,SP,1,5458.3409188034175,22422.896296296294
154,SP,1,1848.0227076920053,6500.992418698889
155,SP,1,800.1223241730288,2384.314381376775
156,SP,1,996.5207453126313,2291.3966316076135
157,SP,1,1610.6443376068373,5398.490740740741
108,SP,2,15551.009460569498,56126.24642335394
133,SP,2,36431.34109457293,141009.34328624586
134,SP,2,30032.240252843454,124969.57644799659
135,SP,2,27552.811989850423,107457.4937037037
136,SP,2,27356.968699374997,119565.0958149164
137,SP,2,32000.87909931418,129300.77129880764
138,SP,2,38227.28562823222,145551.74987887268
139,SP,2,38132.17414529914,143782.36111111112
141,SP,2,2894.352453399825,9839.975205183293
143,SP,2,34045.28485155798,137683.59678757275
144,SP,2,30152.603977029925,124917.01013888895
145,SP,2,36183.352305984256,138487.34834875885
150,SP,2,36022.29679487179,138701.29259259257
152,SP,2,40438.250747863254,150046.58888888886
154,SP,2,24663.122525225855,116682.80842397851
155,SP,2,29958.43318693943,116580.44389207276
156,SP,2,24903.26844340869,101989.50626068116
157,SP,2,28735.440064102564,120186.39814814815
108,SP,3,275771.8252836309,619268.9973113859
133,SP,3,33188.040324035166,84000.02893518518
134,SP,3,141661.90762781788,232967.011833956
135,SP,3,3640.662806847546,11125.840092592602
136,SP,3,13355.50439819698,33024.012230912405
137,SP,3,9165.543982558142,22685.990879629637
138,SP,3,28494.285067085435,9766.569323047299
139,SP,3,16931.110077519377,46466.52777777778
141,SP,3,806.0043481415502,1560.3496381141792
143,SP,3,10337.952741786798,34170.36755936234
144,SP,3,6808.706340439275,18556.441064814815
145,SP,3,15552.866420793769,43145.74456919036
150,SP,3,4820.767054263565,11343.001851851854
152,SP,3,19868.11356589147,56293.950000000004
154,SP,3,7010.998079262723,17547.20873529463
155,SP,3,4298.64657199624,9707.67686954466
156,SP,3,9840.78795451015,35949.110854134684
157,SP,3,42663.84509043928,104745.51851851853
108,AL,1,1310.1013662602736,842.8204199734761
133,AL,1,17.80317831080214,27.860458268056295
134,AL,1,164.8695737230778,338.35649494709367
135,AL,1,31.07360576923077,45.13856481481482
136,AL,1,164.3176123387245,321.2564737904459
137,AL,1,196.2378451034665,272.7295740611546
138,AL,1,63.26053095614144,156.0
139,AL,1,69.82585470085469,105.16296296296296
141,AL,1,5.304045675597332,8.520897636020353
143,AL,1,81.67021853883048,89.35212927571035
144,AL,1,68.99541666666667,65.11504629629631
145,AL,1,109.36265909585646,85.83896838515405
150,AL,1,55.452991452991455,26.746296296296293
152,AL,1,36.59497863247863,85.02962962962964
154,AL,1,78.93203346900107,184.19067335781483
155,AL,1,44.83037410479364,63.12293145916834
156,AL,1,67.67549571835704,106.03223406130815
157,AL,1,334.5094017094017,302.9092592592593
108,AL,2,139.24970191325795,279.2524911244943
133,AL,2,268.57963410116866,626.5318984066869
134,AL,2,203.12988176335543,581.6668604377315
135,AL,2,87.19455662393163,181.7263888888889
136,AL,2,140.08239778501755,218.83049946710776
137,AL,2,293.220808279766,599.2736865401396
138,AL,2,87.8308708548704,30.342484667567405
139,AL,2,75.71292735042735,147.38518518518518
141,AL,2,17.22551099923854,34.6007797720504
143,AL,2,85.56338093199287,147.50421754695705
144,AL,2,99.25516826923078,199.5114814814815
145,AL,2,104.85929815221652,328.24807351733165
150,AL,2,91.1684829059829,140.5203703703704
152,AL,2,351.1850427350427,770.4333333333334
154,AL,2,116.80513562175052,311.65935993896295
155,AL,2,81.20728651486758,208.30628905697245
156,AL,2,67.57799418240222,98.5389977298463
157,AL,2,116.47286324786324,208.57777777777778
108,AL,3,688.7931481669436,1748.0353913737388
133,AL,3,485.34954812840874,790.4523230093529
134,AL,3,584.2664707404588,214.1929287904692
135,AL,3,48.502858527131785,43.64175925925926
136,AL,3,58.87042926147437,120.50596594199057
137,AL,3,141.00929909560725,127.2724537037037
138,AL,3,632.348710390851,499.1069399087296
139,AL,3,68.16834625322998,81.31111111111112
141,AL,3,31.742495498359695,159.7054858213601
143,AL,3,112.91474209620324,133.40694058382925
144,AL,3,56.20403100775193,96.15671296296297
145,AL,3,79.62926376899125,38.96050458822462
150,AL,3,55.28139534883721,48.82037037037037
152,AL,3,115.5267441860465,286.64444444444445
154,AL,3,88.69287607889315,63.459185436999995
155,AL,3,78.02256036405844,47.06001473496963
156,AL,3,82.61910266711617,77.86857552569556
157,AL,3,118.41421188630488,139.53703703703704
108,SC,1,21329.822345833287,95095.68015821198
133,SC,1,2690.1612396751734,12577.159750917219
134,SC,1,16272.798694965442,27021.588823072492
135,SC,1,2620.683947649573,11941.969861111109
136,SC,1,2324.851497042839,11760.576634539373
137,SC,1,1828.859617723637,9470.17549480235
138,SC,1,2797.150909633768,14223.635175491645
139,SC,1,2559.3113247863243,12065.661111111112
141,SC,1,116.80500094641795,361.7013174601818
143,SC,1,2398.9673002846207,12061.678297254772
144,SC,1,1769.3904540598294,8188.63587962963
145,SC,1,2545.0873531784605,12160.272379736007
150,SC,1,1340.6174145299144,6560.424074074074
152,SC,1,2864.9692307692308,13154.442592592595
154,SC,1,2133.7505575913483,9494.1362305124
155,SC,1,2256.1075822925477,10853.43483507712
156,SC,1,2152.87875463354,10389.530097086972
157,SC,1,638.569764957265,2639.140740740741
108,SC,2,46826.91196429828,191441.9996948562
133,SC,2,2778.5362767859424,14607.190994601782
134,SC,2,21330.756485262056,43532.48254610301
135,SC,2,5441.759447115384,22308.62824074074
136,SC,2,6287.942110451182,29786.7777847464
137,SC,2,4313.312276689298,13234.879319115249
138,SC,2,4612.7748349549065,14062.065252033959
139,SC,2,6678.89658119658,30356.814814814818
141,SC,2,411.6875708027853,1087.7403242444602
143,SC,2,6435.4808573926575,30404.418167679396
144,SC,2,4433.725341880343,19875.335370370372
145,SC,2,6631.159121271922,30523.534080881003
150,SC,2,3394.546367521367,16143.70740740741
152,SC,2,6881.207158119657,31261.61296296296
154,SC,2,5021.708490699519,21929.17761005869
155,SC,2,3316.543792823453,18634.05755286738
156,SC,2,4449.246692946706,20844.29981890744
157,SC,2,1492.581623931624,5011.9314814814825
108,SC,3,61315.481070162234,238459.55773616873
133,SC,3,10150.405891978338,33435.48953179253
134,SC,3,9508.45164272055,17624.17503780383
135,SC,3,232.7340342377261,769.7066666666666
136,SC,3,263.93668484301617,566.3337516314427
137,SC,3,407.8386757105943,1191.5551851851849
138,SC,3,10857.548114881589,29997.99959733106
139,SC,3,301.13217054263566,899.5240740740742
141,SC,3,111.74892323566876,69.85781839533259
143,SC,3,250.24271017365336,720.8902728045408
144,SC,3,659.8092409560712,2299.026898148145
145,SC,3,110.65981175857706,126.06072331712107
150,SC,3,1379.9608527131784,3265.238888888889
152,SC,3,592.5636950904393,1868.8555555555556
154,SC,3,464.49924222535884,1129.635106749776
155,SC,3,468.11203741668436,1413.1234071005044
156,SC,3,2161.899625642305,9013.98299510898
157,SC,3,5026.120025839793,16776.833333333332
108,AC,1,134.3568627755698,167.21903697381225
133,AC,1,22.025412707042992,59.541335840581475
134,AC,1,182.34102441679457,197.6145192538263
135,AC,1,39.15594017094017,44.875787037037036
136,AC,1,25.919160865886855,74.21573376176444
137,AC,1,94.89143685870899,74.08345775462963
138,AC,1,72.71805752962095,70.0385449274774
139,AC,1,46.48055555555556,53.444444444444436
141,AC,1,10.036079697684032,9.23341228490626
143,AC,1,30.26676250848992,35.19648106186426
144,AC,1,30.300002670940167,51.72773148148148
145,AC,1,68.98502307722119,19.973301745355183
150,AC,1,26.659722222222225,47.99629629629629
152,AC,1,66.56655982905983,63.41851851851853
154,AC,1,51.261805106927994,115.09225453172223
155,AC,1,59.12819471098445,97.91002445903446
156,AC,1,55.21113747259877,100.98440016736112
157,AC,1,37.42863247863248,50.770370370370365
108,AC,2,160.59452656857715,261.42876270494924
133,AC,2,68.53238964060284,476.35744597116815
134,AC,2,160.65304089180862,277.3982048184533
135,AC,2,71.28132211538461,371.1820833333333
136,AC,2,115.18219271417249,714.4155105977034
137,AC,2,501.79040406220645,1549.6169155680134
138,AC,2,78.73335128778575,435.5631403053804
139,AC,2,56.53226495726495,260.4185185185185
141,AC,2,25.0832719768688,158.81929479791054
143,AC,2,63.86174124041172,434.0226808865811
144,AC,2,59.30176816239317,407.9361574074074
145,AC,2,65.02469522330759,455.4053893537005
150,AC,2,94.48814102564104,637.0555555555555
152,AC,2,129.61858974358972,552.6981481481481
154,AC,2,108.37049016384422,528.9039337758185
155,AC,2,82.94932193826011,265.30561340763035
156,AC,2,101.59195083886796,240.38088635621372
157,AC,2,89.36485042735045,512.3796296296297
108,AC,3,125.10642788483213,232.8158884512239
133,AC,3,88.94476720873945,236.9305918093039
134,AC,3,273.1672351736874,652.9701291967948
135,AC,3,112.23658591731267,119.85120370370372
136,AC,3,147.71432113698492,394.89854175966184
137,AC,3,95.56766472868219,169.4623611111111
138,AC,3,114.93544090059368,312.7373465534713
139,AC,3,68.42906976744186,126.72962962962963
141,AC,3,31.455499351662162,51.56880745425821
143,AC,3,146.59687711262268,187.56230974550576
144,AC,3,71.14326550387597,161.42967592592595
145,AC,3,75.21468318579878,234.30456839195293
150,AC,3,82.44948320413437,207.69074074074072
152,AC,3,103.1122739018088,233.68518518518522
154,AC,3,81.71762015253475,159.52412201466666
155,AC,3,83.1004147388222,146.93664850092446
156,AC,3,77.78663415055159,153.58565196041278
157,AC,3,62.12041343669251,162.63333333333335
108,RR,1,1.9326764923459299,5.670364234386297
133,RR,1,1.55853498687641,4.633133739012963
134,RR,1,7.391187706543344,10.047633202429443
135,RR,1,2.002689636752137,3.8546759259259264
136,RR,1,2.506041025560983,8.350715459622963
137,RR,1,26.730060235257472,4.916232638888888
138,RR,1,3.9423076923076925,12.666666666666666
139,RR,1,6.334081196581196,5.016666666666667
141,RR,1,1.4543249956609154,2.0659015380784314
143,RR,1,10.774997140607042,10.063286901403147
144,RR,1,2.329650106837607,4.169074074074074
145,RR,1,4.651215798936335,4.170528510968333
150,RR,1,1.5685897435897438,5.05
152,RR,1,34.047970085470084,60.90185185185185
154,RR,1,8.803678704767307,4.116875181042594
155,RR,1,14.476799768307306,3.572709141373148
156,RR,1,14.877570554882842,3.252866334858148
157,RR,1,3.1809829059829062,3.7185185185185183
108,RR,2,5.483666308558922,14.607570312710555
133,RR,2,5.283634490615758,23.655128757602778
134,RR,2,11.312649048212096,15.098759066650183
135,RR,2,4.39451655982906,8.22865740740741
136,RR,2,4.278492019685043,9.80673571354648
137,RR,2,6.567884615384615,9.61884548611111
138,RR,2,12.571196908612736,35.666666666666664
139,RR,2,5.5159188034188045,12.16851851851852
141,RR,2,1.8160418207283553,7.059488734600168
143,RR,2,9.74508261069251,10.621851490161298
144,RR,2,4.3704006410256415,15.16476851851852
145,RR,2,3.8076127398086865,8.20489867445463
150,RR,2,4.471153846153847,17.179629629629627
152,RR,2,85.5261752136752,138.92037037037036
154,RR,2,7.4601391201965805,8.49137479084074
155,RR,2,13.465235713146978,8.001126996493703
156,RR,2,19.80790662123523,7.785053599056112
157,RR,2,3.5806623931623935,9.387037037037038
108,RR,3,29.199024757739252,55.68712013194463
133,RR,3,2.8526469417618086,4.584585445899259
134,RR,3,9.341033538457403,15.818412887420372
135,RR,3,4.573678940568476,4.91412037037037
136,RR,3,2.8612793140724806,3.645157879015741
137,RR,3,11.942839147286822,11.098148148148148
138,RR,3,4.1822577911490955,2.4864966534196298
139,RR,3,5.184883720930232,6.4148148148148145
141,RR,3,1.739911820250696,7.233196845970773
143,RR,3,12.273297824908669,12.017962194371298
144,RR,3,2.9905135658914728,4.911481481481482
145,RR,3,3.226055615834251,3.390506093144444
150,RR,3,5.405038759689924,4.355555555555556
152,RR,3,75.51576227390183,131.56666666666666
154,RR,3,6.79806758180659,4.048418057509259
155,RR,3,10.465216107127791,4.9505537115794445
156,RR,3,11.069630312648684,4.19106779889889
157,RR,3,4.82467700258398,3.9
108,RO,1,407.7880615399502,386.9075582508726
133,RO,1,135.44589248763316,633.6510827241217
134,RO,1,136.00905659970954,234.80450441266464
135,RO,1,112.10017094017097,373.0649074074074
136,RO,1,168.51888850123697,705.174097324842
137,RO,1,132.09803317568563,360.09959546284887
138,RO,1,124.87071071975332,557.0720282902894
139,RO,1,76.95651709401709,227.0111111111111
141,RO,1,16.036092551824336,85.8010242832052
143,RO,1,82.59804681957279,381.6670912424715
144,RO,1,102.01857905982904,482.71268518518514
145,RO,1,148.37557834204242,676.4799136655478
150,RO,1,67.88365384615385,380.8666666666666
152,RO,1,133.27222222222224,462.3166666666666
154,RO,1,147.65718469613404,710.9903143322093
155,RO,1,64.41222030302478,303.45332491068444
156,RO,1,58.72716945063409,280.7765688079876
157,RO,1,82.5943376068376,446.4777777777778
108,RO,2,67.00161787640103,151.68479685134503
133,RO,2,53.45021014274793,405.12879646796205
134,RO,2,48.57800877315903,200.73541214989905
135,RO,2,41.70704594017094,71.65722222222222
136,RO,2,34.26324326536529,150.2909937929702
137,RO,2,115.64336382716395,1064.1298782270026
138,RO,2,46.04334072177751,261.45188888835077
139,RO,2,29.719551282051285,130.21111111111114
141,RO,2,10.45467691178346,21.70196772326472
143,RO,2,38.57261811280826,131.8925478546702
144,RO,2,32.39810630341881,146.8124537037037
145,RO,2,36.19839066246812,299.00094337979334
150,RO,2,34.68183760683762,247.82777777777778
152,RO,2,68.92873931623932,160.54629629629628
154,RO,2,41.203991916053525,148.09205036557407
155,RO,2,60.32891494323822,67.95258691929297
156,RO,2,54.98694202334106,76.88143269967759
157,RO,2,32.05277777777778,182.32777777777778
108,RO,3,48.45751862516255,68.5714544484037
133,RO,3,45.043719076925434,40.73300398897148
134,RO,3,92.98817296018674,194.44954643958576
135,RO,3,62.06552648578811,82.21337962962963
136,RO,3,28.105617211388072,66.46122502718315
137,RO,3,43.9768507751938,76.20046296296296
138,RO,3,63.84187339950031,69.71701792272741
139,RO,3,37.46059431524548,75.24814814814815
141,RO,3,27.753941413845688,85.8312660965227
143,RO,3,40.6631061070955,49.94722063982871
144,RO,3,33.35817829457365,57.78120370370371
145,RO,3,43.5029319850132,95.82294011050094
150,RO,3,26.81046511627907,75.91666666666667
152,RO,3,45.02364341085272,54.43888888888889
154,RO,3,26.63356379182144,53.69528250155556
155,RO,3,42.30106499445197,39.023631228318145
156,RO,3,39.420113058389575,36.88295383227556
157,RO,3,24.425064599483207,65.68333333333334
