model_id,state,valid_test,WIS
108,RS,3,14829759.864659283
133,RS,3,315901.4717060958
134,RS,3,507207.6163076548
135,RS,3,55167.34042568522
136,RS,3,35990.40778943882
137,RS,3,20255.528843459146
138,RS,3,13209.177500494163
139,RS,3,76571.75074728712
143,RS,3,70554.57348945666
144,RS,3,13828.637056085923
145,RS,3,70632.26662991008
150,RS,3,13643.78309549462
152,RS,3,81405.0517233506
154,RS,3,24623.622599769078
155,RS,3,5156.2728304728535
156,RS,3,2952.6651207251653
157,RS,3,73941.259248721
108,RS,2,3325932.724496448
133,RS,2,186620.61285393528
134,RS,2,109493.2311273158
135,RS,2,191504.13376906855
136,RS,2,201443.6090755488
137,RS,2,44452.60773097852
138,RS,2,152479.89698704582
139,RS,2,212893.88845197935
143,RS,2,186091.6536017386
144,RS,2,185238.14680665903
145,RS,2,199741.32405554058
150,RS,2,199519.59177074343
152,RS,2,214616.19153812315
154,RS,2,190387.04715479154
155,RS,2,145502.12424489006
156,RS,2,143624.92617526298
157,RS,2,186145.0329568541
108,RS,1,1679390.456485708
133,RS,1,34313.31424332353
134,RS,1,205555.09921288182
135,RS,1,31999.584052667255
136,RS,1,29838.92259163699
137,RS,1,5247.227249068081
138,RS,1,2621.7611315631284
139,RS,1,29357.11980529596
143,RS,1,8873.929765790894
144,RS,1,15696.004863901031
145,RS,1,31616.52873547406
150,RS,1,8018.2741129719325
152,RS,1,25493.144301557968
154,RS,1,21303.640393805592
155,RS,1,10422.58271457925
156,RS,1,4540.629820559809
157,RS,1,1961.467695012877
108,RN,3,6333.331860303417
133,RN,3,9583.865593477276
134,RN,3,21988.04580322886
135,RN,3,4664.537413559039
136,RN,3,3855.5933268058548
137,RN,3,7318.665528515711
138,RN,3,385.6102807023669
139,RN,3,3497.001844948137
143,RN,3,7276.064008454396
144,RN,3,11792.35097937271
145,RN,3,9665.808192964407
150,RN,3,8424.786518032635
152,RN,3,1641.0662494841574
154,RN,3,10057.421982226871
155,RN,3,14568.171404287827
156,RN,3,2682.5789630151153
157,RN,3,4612.6263350128465
108,RN,2,2781.5051022402904
133,RN,2,12262.283625461085
134,RN,2,3494.025344682742
135,RN,2,10413.859718685106
136,RN,2,2588.028908387153
137,RN,2,5957.539074787364
138,RN,2,10678.687354587582
139,RN,2,1289.667783059592
143,RN,2,1076.5993940828837
144,RN,2,2744.083100108402
145,RN,2,451.594111951744
150,RN,2,2543.8324251992713
152,RN,2,2108.624485046274
154,RN,2,1601.6798548667023
155,RN,2,1777.550454254758
156,RN,2,18161.03655082872
157,RN,2,3080.0902673869637
108,RN,1,535825.9902014115
133,RN,1,17117.085869893424
134,RN,1,9985.098755592064
135,RN,1,3966.56693138014
136,RN,1,21879.444257717572
137,RN,1,11244.068173374179
138,RN,1,15381.044925409386
139,RN,1,4683.61040681709
143,RN,1,5218.162828830192
144,RN,1,16096.129414876095
145,RN,1,12189.40300652093
150,RN,1,23887.598014323314
152,RN,1,2686.836860653666
154,RN,1,12930.687697196652
155,RN,1,10319.175620995706
156,RN,1,15292.445536320052
157,RN,1,30981.82075411562
108,RJ,3,568335.0090562324
133,RJ,3,1848.254903927312
134,RJ,3,52529.73859413821
135,RJ,3,11126.330203299143
136,RJ,3,88499.24956741963
137,RJ,3,9764.006557940651
138,RJ,3,35143.48464031173
139,RJ,3,1615.0316574489466
143,RJ,3,4742.065026861634
144,RJ,3,10573.385955843765
145,RJ,3,30970.139734658605
150,RJ,3,41440.90646675218
152,RJ,3,3417.9925014971136
154,RJ,3,36235.866906859155
155,RJ,3,71409.91380453476
156,RJ,3,716.4415922520905
157,RJ,3,74007.08629175549
108,RJ,2,175780.86493727943
133,RJ,2,306687.8682536613
134,RJ,2,133575.8770708816
135,RJ,2,275184.25878056005
136,RJ,2,310433.0816694924
137,RJ,2,78803.80736444597
138,RJ,2,258082.92744920042
139,RJ,2,284827.58932489896
143,RJ,2,234709.46888114713
144,RJ,2,283332.246855587
145,RJ,2,254736.01658024944
150,RJ,2,285901.26861720154
152,RJ,2,275224.4591438615
154,RJ,2,193673.7502658367
155,RJ,2,139350.4657243967
156,RJ,2,78294.44800377503
157,RJ,2,230108.23036163428
108,RJ,1,6350.318709229788
133,RJ,1,7401.407251639321
134,RJ,1,35752.89586269223
135,RJ,1,29074.954928279414
136,RJ,1,38750.34683193223
137,RJ,1,5091.434873722588
138,RJ,1,36246.421474041614
139,RJ,1,6249.0441020106855
143,RJ,1,4658.400109117417
144,RJ,1,6855.267053282851
145,RJ,1,24682.637181957954
150,RJ,1,16540.487628881136
152,RJ,1,19750.196424153914
154,RJ,1,13768.267828860195
155,RJ,1,29579.2916939844
156,RJ,1,36100.97313690932
157,RJ,1,17680.750688514083
108,PI,3,40976.810156954256
133,PI,3,14977.282403488685
134,PI,3,25893.667468060765
135,PI,3,1897.3725501193428
136,PI,3,249.1392759206881
137,PI,3,11182.822168477038
138,PI,3,471.5988139954434
139,PI,3,636.4712722168616
143,PI,3,1240.720269899436
144,PI,3,397.7370626977772
145,PI,3,123.68377517123855
150,PI,3,240.65366022023161
152,PI,3,682.0502305059534
154,PI,3,366.4647880504107
155,PI,3,4213.010616274627
156,PI,3,1588.191575571937
157,PI,3,373.51453541649727
108,PI,2,2216.2362035006304
133,PI,2,12207.588605193521
134,PI,2,14820.386732212177
135,PI,2,4460.870925064144
136,PI,2,719.9781819089559
137,PI,2,10716.522366500612
138,PI,2,11928.485787880425
139,PI,2,6844.228982838894
143,PI,2,2082.6962418494836
144,PI,2,4958.101413601271
145,PI,2,6626.176863499989
150,PI,2,3608.2596560202983
152,PI,2,3158.5398702374846
154,PI,2,4901.118220089361
155,PI,2,907.1279510445275
156,PI,2,6422.65249964557
157,PI,2,5735.332433287703
108,PI,1,332891.2037532368
133,PI,1,3808.4830114882475
134,PI,1,4023.737072596493
135,PI,1,585.6961090207028
136,PI,1,393.6980833132501
137,PI,1,12327.826499908182
138,PI,1,10066.750226427335
139,PI,1,554.1759605575321
143,PI,1,854.3264759197968
144,PI,1,689.626146354186
145,PI,1,173.61483359951
150,PI,1,2215.481568967023
152,PI,1,1499.2565900938894
154,PI,1,335.08107285971874
155,PI,1,742.2514645269995
156,PI,1,3899.4964990461103
157,PI,1,3197.571790759712
108,PE,3,67138.71895294236
133,PE,3,51075.56772643522
134,PE,3,9869.871222534308
135,PE,3,4138.086660694879
136,PE,3,702.5246757565263
137,PE,3,8412.905606686652
138,PE,3,842.3200015288301
139,PE,3,1487.2149483389735
143,PE,3,3653.746300043274
144,PE,3,14765.579489615093
145,PE,3,5882.530678687735
150,PE,3,11485.387960938411
152,PE,3,2551.0137630546365
154,PE,3,7872.750914246129
155,PE,3,24606.642946783293
156,PE,3,8372.90961776063
157,PE,3,8929.41008999091
108,PE,2,4472.817338705386
133,PE,2,18794.4333083697
134,PE,2,8479.674713475248
135,PE,2,21233.564006543984
136,PE,2,3261.7414279044574
137,PE,2,13011.504712272803
138,PE,2,15846.199608282539
139,PE,2,2319.759043123539
143,PE,2,2259.8351621113025
144,PE,2,4407.489604603998
145,PE,2,936.2969839430144
150,PE,2,1743.8157637623997
152,PE,2,2338.6121201277533
154,PE,2,1356.152631401244
155,PE,2,22052.66504093528
156,PE,2,29734.23894038187
157,PE,2,9850.515868743416
108,PE,1,40017.882485869945
133,PE,1,2721.0118923523432
134,PE,1,822.3244212334979
135,PE,1,7125.475277836777
136,PE,1,13483.440046872483
137,PE,1,20069.41412573498
138,PE,1,4516.24192458377
139,PE,1,9668.883085460571
143,PE,1,12659.451895053957
144,PE,1,33097.107265808816
145,PE,1,17263.53680339393
150,PE,1,7168.522114737858
152,PE,1,2055.307358674279
154,PE,1,18357.500224083837
155,PE,1,17442.280940373334
156,PE,1,25521.615797751907
157,PE,1,12272.322343745465
108,PR,3,8490760.142532937
133,PR,3,267414.37813255016
134,PR,3,14119.00820492717
135,PR,3,61050.576193665125
136,PR,3,18017.234772872907
137,PR,3,22108.061662597738
138,PR,3,187865.361628846
139,PR,3,76644.51480799106
143,PR,3,27052.690576298304
144,PR,3,54418.05468676215
145,PR,3,44888.16162628063
150,PR,3,112693.14860817588
152,PR,3,92916.01451824109
154,PR,3,31284.159452754637
155,PR,3,35281.79368469141
156,PR,3,88869.54877305971
157,PR,3,525621.134631347
108,PR,2,1046241.8242972887
133,PR,2,652902.3644801528
134,PR,2,387794.1329198416
135,PR,2,475124.67854783055
136,PR,2,540778.9162474407
137,PR,2,221139.72694198426
138,PR,2,508899.0295914072
139,PR,2,636311.0698174103
143,PR,2,617441.65027925
144,PR,2,482971.9928142531
145,PR,2,596530.5525931967
150,PR,2,562995.2814450009
152,PR,2,645741.9290927647
154,PR,2,351703.10233799584
155,PR,2,401801.5227087683
156,PR,2,439062.2032653786
157,PR,2,452383.86916866835
108,PR,1,1775530.2774222887
133,PR,1,193946.74695212167
134,PR,1,17849.81239512627
135,PR,1,158433.7719576548
136,PR,1,85173.72493633941
137,PR,1,120425.68333752968
138,PR,1,65944.32898690525
139,PR,1,180024.67378719183
143,PR,1,156317.63037972327
144,PR,1,44635.986735561
145,PR,1,147878.12223866762
150,PR,1,73718.13554864345
152,PR,1,201324.83039301937
154,PR,1,44371.75050460527
155,PR,1,122389.63552740875
156,PR,1,106869.84760803691
157,PR,1,31286.620380464632
108,PB,3,17356.27946632867
133,PB,3,17897.657308023106
134,PB,3,8392.626056466575
135,PB,3,6386.20149547771
136,PB,3,674.0193550720918
137,PB,3,14005.537680297375
138,PB,3,234.94883847843747
139,PB,3,1959.4048123058321
143,PB,3,2725.7619911652805
144,PB,3,10068.491996075221
145,PB,3,4420.454831094643
150,PB,3,3033.703719058879
152,PB,3,10531.355369096615
154,PB,3,5451.919769584124
155,PB,3,5988.7554995266855
156,PB,3,158.1160329057581
157,PB,3,321.3832163238994
108,PB,2,3037.2814147629183
133,PB,2,8923.603924302854
134,PB,2,2437.8895774942184
135,PB,2,16464.98186220483
136,PB,2,1217.8407218125274
137,PB,2,19697.206857668323
138,PB,2,5856.525107697255
139,PB,2,1772.3524282288802
143,PB,2,1058.5152383776938
144,PB,2,3368.995553397151
145,PB,2,1500.6873744797288
150,PB,2,2256.6788950684477
152,PB,2,4118.50573185874
154,PB,2,495.13680481265004
155,PB,2,880.5721160135607
156,PB,2,15085.370491696896
157,PB,2,6423.038648364418
108,PB,1,170754.74118672052
133,PB,1,1160.6564133033148
134,PB,1,25366.548705318903
135,PB,1,3485.750847228165
136,PB,1,7525.646357707154
137,PB,1,15574.523325960405
138,PB,1,24509.5708936792
139,PB,1,1503.7640077701521
143,PB,1,2729.835177091818
144,PB,1,14676.163786338999
145,PB,1,4703.7094946501
150,PB,1,303.9920213094972
152,PB,1,4788.126675226232
154,PB,1,4953.400412458958
155,PB,1,4820.491546436784
156,PB,1,7299.8192514665325
157,PB,1,12507.574065807807
108,PA,3,22596.428391808346
133,PA,3,6798.225999790205
134,PA,3,27326.476731728933
135,PA,3,9684.350528474162
136,PA,3,11217.757860208001
137,PA,3,3079.390462713606
138,PA,3,1420.3366599518247
139,PA,3,7652.043026649971
143,PA,3,3207.7103516686525
144,PA,3,7127.682526461156
145,PA,3,9136.332780097608
150,PA,3,944.8001515880634
152,PA,3,12688.3817943461
154,PA,3,6517.391425339734
155,PA,3,1455.1803559673301
156,PA,3,270.1436389875355
157,PA,3,5195.1466565155115
108,PA,2,11120.76449592883
133,PA,2,16722.71290637998
134,PA,2,2756.585332457506
135,PA,2,12668.53748866796
136,PA,2,14102.046907584236
137,PA,2,17247.758281295894
138,PA,2,13740.99359820915
139,PA,2,11764.19497458751
143,PA,2,2650.172527667372
144,PA,2,12568.279828225634
145,PA,2,12642.522555214364
150,PA,2,12375.029353304919
152,PA,2,16308.902051620984
154,PA,2,11309.90903776237
155,PA,2,6127.9528908744805
156,PA,2,8179.930820883653
157,PA,2,12587.917721055235
108,PA,1,2664.757249328377
133,PA,1,852.9198644497924
134,PA,1,4077.310678102551
135,PA,1,2506.121423148093
136,PA,1,3089.0800906545937
137,PA,1,2409.3630706746826
138,PA,1,292.4075157503112
139,PA,1,607.7723215645199
143,PA,1,5942.6395517914025
144,PA,1,555.093960862034
145,PA,1,470.7928735126326
150,PA,1,373.93985454933653
152,PA,1,4131.065402723557
154,PA,1,1448.0088154538494
155,PA,1,2983.2286258262625
156,PA,1,2297.120558047669
157,PA,1,264.3864462143074
108,MG,3,2514319.730879275
133,MG,3,751979.9034390912
134,MG,3,21840.29499711168
135,MG,3,210062.22349299432
136,MG,3,10834.530153611566
137,MG,3,30497.93630340292
138,MG,3,253347.58623725115
139,MG,3,56823.076534725966
143,MG,3,17870.419148937723
144,MG,3,227409.9967730421
145,MG,3,1883.455758158259
150,MG,3,18764.92945275194
152,MG,3,161377.6841034268
154,MG,3,67789.9391840852
155,MG,3,443225.6690457783
156,MG,3,48722.18540504083
157,MG,3,319823.9982192415
108,MG,2,239001.3659756429
133,MG,2,1717746.1524460556
134,MG,2,1653957.6502152649
135,MG,2,1232158.2918338152
136,MG,2,1470182.274654678
137,MG,2,1368543.6637780254
138,MG,2,1600814.259231967
139,MG,2,1675807.284401413
143,MG,2,1634865.7760867698
144,MG,2,1465823.947990438
145,MG,2,1597505.0202643434
150,MG,2,1649160.698408554
152,MG,2,1760510.908584489
154,MG,2,1438501.4046958543
155,MG,2,1375135.7437766811
156,MG,2,1167664.5021623473
157,MG,2,1389257.165080866
108,MG,1,88398.69320786398
133,MG,1,117845.72476443375
134,MG,1,220347.89870772092
135,MG,1,287853.9849429316
136,MG,1,272806.8320906678
137,MG,1,166489.2515969657
138,MG,1,343879.56619706826
139,MG,1,290160.782200127
143,MG,1,235160.88810934624
144,MG,1,125654.48957307303
145,MG,1,216494.5217760627
150,MG,1,237147.57380453625
152,MG,1,365076.95688091806
154,MG,1,95047.12059330463
155,MG,1,75076.55656628867
156,MG,1,33828.197880368025
157,MG,1,215438.7577227911
108,MS,3,90758.240348873
133,MS,3,6623.934699214338
134,MS,3,1123.283616805556
135,MS,3,25563.345016054118
136,MS,3,5628.454538294702
137,MS,3,21048.387488774853
138,MS,3,13659.543689547289
139,MS,3,1314.1012414851045
143,MS,3,21920.871497089745
144,MS,3,19182.781861177667
145,MS,3,12213.716583224079
150,MS,3,920.2108034684744
152,MS,3,1532.2159820473685
154,MS,3,16955.60286340371
155,MS,3,28786.559959832055
156,MS,3,22764.368292772924
157,MS,3,5094.535942216538
108,MS,2,166310.7171862605
133,MS,2,7680.984578402516
134,MS,2,3622.502340185518
135,MS,2,43513.67350883355
136,MS,2,13614.37457677423
137,MS,2,20183.622655534564
138,MS,2,713.6559277846454
139,MS,2,1329.6699114416904
143,MS,2,1245.5754329620536
144,MS,2,20600.427515301686
145,MS,2,9485.766540531169
150,MS,2,5790.8162749500125
152,MS,2,3347.1372877358726
154,MS,2,13943.129988966068
155,MS,2,31061.317366984666
156,MS,2,61193.679669677695
157,MS,2,7208.3393807132925
108,MS,1,284423.54784581106
133,MS,1,12066.868085549044
134,MS,1,8548.269417030657
135,MS,1,13734.620092296673
136,MS,1,3407.0494487335964
137,MS,1,2376.958868241953
138,MS,1,36496.35445703287
139,MS,1,26572.647527506513
143,MS,1,28165.156521959772
144,MS,1,2741.4413801058236
145,MS,1,20430.984943385174
150,MS,1,16313.641152441061
152,MS,1,20929.625231574417
154,MS,1,4450.767541465813
155,MS,1,7264.8830674845485
156,MS,1,7620.594269285614
157,MS,1,11776.846559691003
108,MT,3,100527.2672897983
133,MT,3,17184.61133620843
134,MT,3,28420.070214397852
135,MT,3,1692.205763988872
136,MT,3,13700.436901570942
137,MT,3,13644.476131238065
138,MT,3,1716.0720208622652
139,MT,3,15468.863799407729
143,MT,3,4568.109561777072
144,MT,3,2281.5369466278817
145,MT,3,18299.831722074196
150,MT,3,11626.392488047464
152,MT,3,18291.704462477617
154,MT,3,7589.559504509806
155,MT,3,7011.898177169939
156,MT,3,13621.699851196501
157,MT,3,2120.129820435629
108,MT,2,22341.845700363843
133,MT,2,29243.823868652005
134,MT,2,11665.575900450527
135,MT,2,950.688268497252
136,MT,2,14744.465995275852
137,MT,2,24625.894925699144
138,MT,2,21976.414768744075
139,MT,2,21987.853534655762
143,MT,2,17642.00674270322
144,MT,2,9896.522129437046
145,MT,2,24287.638151280156
150,MT,2,18052.09583449211
152,MT,2,23475.86390703279
154,MT,2,15181.93701535942
155,MT,2,8298.534192193138
156,MT,2,578.1623536515931
157,MT,2,15658.58833415123
108,MT,1,31478.04634677801
133,MT,1,15370.56318395668
134,MT,1,37323.24106351942
135,MT,1,2972.448906671712
136,MT,1,4783.030631883913
137,MT,1,1681.4634761192663
138,MT,1,7766.410013475397
139,MT,1,8179.19463659787
143,MT,1,3920.9291115809006
144,MT,1,946.6362460105782
145,MT,1,9366.917257290854
150,MT,1,12868.08196846198
152,MT,1,19945.242686790232
154,MT,1,2136.8596929665136
155,MT,1,3539.7570224708
156,MT,1,3392.410035807536
157,MT,1,3575.470466427947
108,MA,3,17868.911837770946
133,MA,3,2650.5411304651357
134,MA,3,2411.2085975133386
135,MA,3,756.7124938434159
136,MA,3,1554.3870029671073
137,MA,3,4725.542287070699
138,MA,3,946.6529950023707
139,MA,3,237.79304108631428
143,MA,3,445.41360871406897
144,MA,3,2028.6102871475134
145,MA,3,365.11548418505384
150,MA,3,2418.711332982255
152,MA,3,3978.959402862298
154,MA,3,968.1637652905192
155,MA,3,7077.8538714194865
156,MA,3,168.1439816576383
157,MA,3,1287.911978004254
108,MA,2,1548.1322822760058
133,MA,2,8328.339671932394
134,MA,2,6990.556794886801
135,MA,2,276.9339174569737
136,MA,2,1165.59781371291
137,MA,2,505.09298606684087
138,MA,2,7800.515588475946
139,MA,2,4623.123466543567
143,MA,2,1811.8307239336054
144,MA,2,1257.3267991680336
145,MA,2,4219.8460735216895
150,MA,2,5913.374498161139
152,MA,2,1082.2345024621804
154,MA,2,3106.066508862147
155,MA,2,1539.8499869339657
156,MA,2,10059.405084695602
157,MA,2,4062.2586308655204
108,MA,1,32521.807907082948
133,MA,1,2125.100578022309
134,MA,1,10783.98833247214
135,MA,1,1661.0735236417072
136,MA,1,3386.8749784188462
137,MA,1,5055.237582443833
138,MA,1,2647.9196192521613
139,MA,1,283.2965157600572
143,MA,1,4193.105338320039
144,MA,1,1535.1322456103667
145,MA,1,318.4142023961183
150,MA,1,4565.325019852565
152,MA,1,3423.2236711519213
154,MA,1,595.6564201148166
155,MA,1,5124.724548632697
156,MA,1,5674.955209784324
157,MA,1,1102.4577776916913
108,GO,3,367197.5014697016
133,GO,3,147605.87575482577
134,GO,3,178760.93577280408
135,GO,3,38826.55635486303
136,GO,3,50241.90140333018
137,GO,3,13896.399648585859
138,GO,3,10943.991413146432
139,GO,3,13125.915026432316
143,GO,3,95202.60653576531
144,GO,3,18474.986640571828
145,GO,3,20982.74702060961
150,GO,3,7219.62708902068
152,GO,3,47120.00059257312
154,GO,3,4616.520367769713
155,GO,3,2321.491145759422
156,GO,3,30698.736470776545
157,GO,3,65527.478743198895
108,GO,2,283034.0890103693
133,GO,2,284502.01869144524
134,GO,2,278722.7129507621
135,GO,2,65247.10695889106
136,GO,2,117230.14262915376
137,GO,2,97826.22353077972
138,GO,2,281906.0481461489
139,GO,2,269666.42208951083
143,GO,2,257351.94514806417
144,GO,2,242948.3036283739
145,GO,2,271616.75273926917
150,GO,2,298910.8012825523
152,GO,2,291447.40922232333
154,GO,2,248614.24130398507
155,GO,2,272200.65565711405
156,GO,2,243203.25483947128
157,GO,2,264302.777197249
108,GO,1,247650.27806030866
133,GO,1,13107.904046513033
134,GO,1,69189.37367391438
135,GO,1,26870.791101064224
136,GO,1,21371.91877921432
137,GO,1,7704.146635771856
138,GO,1,7728.795047416339
139,GO,1,4013.496916302936
143,GO,1,10403.20979000413
144,GO,1,39224.22223435437
145,GO,1,14851.696893239052
150,GO,1,47406.04859119563
152,GO,1,54731.12118149781
154,GO,1,19909.19982733704
155,GO,1,13892.556833329638
156,GO,1,16548.171691815744
157,GO,1,49158.24431020256
108,DF,3,109893.00037362242
133,DF,3,427598.93258609774
134,DF,3,1704.5118600532746
135,DF,3,8939.47744750875
136,DF,3,9630.358962149803
137,DF,3,14366.7830948486
138,DF,3,53442.39878869235
139,DF,3,1588.141233056784
143,DF,3,29826.28693878367
144,DF,3,34385.18562728829
145,DF,3,6736.566400365779
150,DF,3,52984.559332412726
152,DF,3,1991.0606166309096
154,DF,3,17167.497340831003
155,DF,3,59239.81641325288
156,DF,3,10186.322919844497
157,DF,3,14653.561972173276
108,DF,2,57128.48613892116
133,DF,2,276010.2117874951
134,DF,2,270483.10344070155
135,DF,2,183309.01123305195
136,DF,2,251744.13926159684
137,DF,2,54163.09413898995
138,DF,2,276733.47174732125
139,DF,2,273827.4952768682
143,DF,2,273059.0862997065
144,DF,2,238854.93999510663
145,DF,2,270987.25187535095
150,DF,2,263685.6374341502
152,DF,2,280766.7461765091
154,DF,2,257300.83967004096
155,DF,2,248120.43983694015
156,DF,2,232569.99220514216
157,DF,2,162028.07282314467
108,DF,1,133697.12918320112
133,DF,1,19450.149649805917
134,DF,1,17633.31620546981
135,DF,1,6880.079762811934
136,DF,1,7712.34005131783
137,DF,1,20757.996642952578
138,DF,1,17845.96403720792
139,DF,1,14233.140013789807
143,DF,1,12549.638947174572
144,DF,1,3571.62830803493
145,DF,1,11574.209237578802
150,DF,1,1741.6955605314135
152,DF,1,30201.123026006666
154,DF,1,3333.829618718583
155,DF,1,2920.6864359825436
156,DF,1,2132.948645017299
157,DF,1,1114.4962307534815
108,CE,3,9195.885178156526
133,CE,3,9253.598383602925
134,CE,3,37559.99343498825
135,CE,3,15031.872117909228
136,CE,3,16508.3072628791
137,CE,3,24908.84203520284
138,CE,3,4638.907898685772
139,CE,3,15978.441692494958
143,CE,3,21354.049161788018
144,CE,3,25248.909442751898
145,CE,3,23858.454050433556
150,CE,3,16185.08926892032
152,CE,3,4766.46830207497
154,CE,3,25105.35957497803
155,CE,3,35274.46171064737
156,CE,3,20498.01891351228
157,CE,3,12078.013072450092
108,CE,2,2455.1780853394057
133,CE,2,1209.8087791841604
134,CE,2,2440.008381458718
135,CE,2,27359.987268647135
136,CE,2,25681.233605954556
137,CE,2,25848.238308410815
138,CE,2,663.9597369989228
139,CE,2,9193.529757325128
143,CE,2,13850.444163520337
144,CE,2,21486.267335661152
145,CE,2,13398.408845943302
150,CE,2,5287.506154917961
152,CE,2,1104.177996962566
154,CE,2,17993.845315356753
155,CE,2,37942.11753520339
156,CE,2,43030.66555106647
157,CE,2,4980.255945315637
108,CE,1,86223.35453987714
133,CE,1,476.31462788200145
134,CE,1,73935.54168721366
135,CE,1,2137.8327410752745
136,CE,1,22631.888326984197
137,CE,1,15959.862320499877
138,CE,1,13845.914346505888
139,CE,1,6832.450720472059
143,CE,1,11119.02627182727
144,CE,1,21611.310277104196
145,CE,1,13923.35624103237
150,CE,1,16895.765038604528
152,CE,1,3650.2845191994556
154,CE,1,17084.96546641215
155,CE,1,3676.0279128850025
156,CE,1,14237.951158906977
157,CE,1,20259.993511712877
108,BA,3,303088.70721348654
133,BA,3,9151.908453108152
134,BA,3,268033.6694518102
135,BA,3,24888.286744726414
136,BA,3,3364.282590420764
137,BA,3,4157.910577813393
138,BA,3,20039.752162943354
139,BA,3,2242.9721199202854
143,BA,3,6626.917244200901
144,BA,3,49226.974630486555
145,BA,3,3322.4677912594298
150,BA,3,17152.76327037247
152,BA,3,6420.0873701812825
154,BA,3,16746.45690836503
155,BA,3,44963.32968834993
156,BA,3,16353.950360717443
157,BA,3,32826.67949545924
108,BA,2,25184.207633820904
133,BA,2,201422.26383318473
134,BA,2,153506.72145121885
135,BA,2,136373.2520955968
136,BA,2,113121.90275512545
137,BA,2,49808.006901031426
138,BA,2,201091.35378653003
139,BA,2,198763.0336105604
143,BA,2,157355.25951009223
144,BA,2,170539.49606239455
145,BA,2,198470.0057218041
150,BA,2,189930.4672651376
152,BA,2,212474.3801781166
154,BA,2,185354.3012675881
155,BA,2,179188.81880425735
156,BA,2,147142.39048032986
157,BA,2,176064.49253420281
108,BA,1,60988.10947675271
133,BA,1,15328.053747009133
134,BA,1,44574.45856547434
135,BA,1,9155.008672460706
136,BA,1,2543.340003899979
137,BA,1,2319.0623862103657
138,BA,1,38604.1754224082
139,BA,1,5818.699839355966
143,BA,1,3820.3206750580594
144,BA,1,12862.510865467846
145,BA,1,6120.713779221124
150,BA,1,10480.763742960766
152,BA,1,19971.048918173117
154,BA,1,1423.996790676861
155,BA,1,1597.1661474758528
156,BA,1,1100.9157234067889
157,BA,1,3607.156915135902
108,TO,3,4858.216245171281
133,TO,3,19828.737957203626
134,TO,3,21871.668913032783
135,TO,3,7447.3249632678535
136,TO,3,3443.862579170763
137,TO,3,11681.572119494118
138,TO,3,67.23001476710294
139,TO,3,1937.7289987525546
143,TO,3,6247.8176817333815
144,TO,3,4469.040151046906
145,TO,3,3915.297391064216
150,TO,3,3722.0059753709875
152,TO,3,353.05187936475846
154,TO,3,3568.2545969269613
155,TO,3,4119.4977428687025
156,TO,3,4391.6940624901035
157,TO,3,2725.2169975995043
108,TO,2,857.4183264690743
133,TO,2,2945.1202921008025
134,TO,2,4549.383179217313
135,TO,2,12162.216943316625
136,TO,2,2534.65422529336
137,TO,2,19973.32600616471
138,TO,2,3063.115614110591
139,TO,2,444.5137549038887
143,TO,2,861.2815712386245
144,TO,2,3060.5804659542478
145,TO,2,2004.0552202815024
150,TO,2,1380.7991730019357
152,TO,2,432.73495649002535
154,TO,2,1735.1566671722856
155,TO,2,3428.2977251987277
156,TO,2,2087.01130043229
157,TO,2,163.16124832960708
108,TO,1,40209.99809374839
133,TO,1,173.41254483451317
134,TO,1,651.589897473082
135,TO,1,3005.9830940220754
136,TO,1,886.0753753694449
137,TO,1,16439.301549510124
138,TO,1,7519.3901817915175
139,TO,1,952.7465358885648
143,TO,1,1522.082956765208
144,TO,1,4209.870315959195
145,TO,1,3697.723661389286
150,TO,1,116.923112358596
152,TO,1,1999.2353096374661
154,TO,1,3270.852168064966
155,TO,1,4813.049421807695
156,TO,1,3644.9588871503897
157,TO,1,4552.728717963332
108,AM,3,1567.6496417273386
133,AM,3,351.9090074565477
134,AM,3,733.6285955767524
135,AM,3,13729.260003003063
136,AM,3,887.5119306534133
137,AM,3,1947.9457507848606
138,AM,3,1755.199008331551
139,AM,3,538.5477912775791
143,AM,3,1741.7753471102942
144,AM,3,471.5372624296904
145,AM,3,7645.0442971305065
150,AM,3,365.1233720428407
152,AM,3,5225.130382738507
154,AM,3,1196.1707997074893
155,AM,3,18959.41263909398
156,AM,3,20441.82676552532
157,AM,3,232.63645804865195
108,AM,2,4612.91164692085
133,AM,2,5566.708319211768
134,AM,2,2331.788430608537
135,AM,2,7518.895037874829
136,AM,2,629.0830766491919
137,AM,2,17446.935768761756
138,AM,2,5669.743119418783
139,AM,2,1424.5478672763802
143,AM,2,1041.670707410516
144,AM,2,2860.6098315784093
145,AM,2,4083.1224887096305
150,AM,2,2721.9495134973395
152,AM,2,9630.704607717236
154,AM,2,889.3898041990501
155,AM,2,40193.85663272375
156,AM,2,38945.380661393945
157,AM,2,1889.4386533428833
108,AM,1,1542.2658213278041
133,AM,1,4120.940185618255
134,AM,1,530.1183101523625
135,AM,1,474.32794874146606
136,AM,1,429.8320526109896
137,AM,1,2112.9621121361174
138,AM,1,3117.7312815856985
139,AM,1,469.0502873259758
143,AM,1,1524.1563447700837
144,AM,1,187.82600132973423
145,AM,1,8034.301963405372
150,AM,1,143.42877001048964
152,AM,1,3488.606609691464
154,AM,1,928.5291432671171
155,AM,1,36450.0269131863
156,AM,1,26143.738079299186
157,AM,1,323.1706219572154
108,SE,3,19981.306373523075
133,SE,3,51.79264727932679
134,SE,3,16448.767872606124
135,SE,3,1635.593186934134
136,SE,3,3308.7559082406046
137,SE,3,5958.616937041858
138,SE,3,1572.1903580547093
139,SE,3,429.4297457163849
143,SE,3,874.1381118869502
144,SE,3,1825.3249484576922
145,SE,3,541.3372060587457
150,SE,3,532.7070231558387
152,SE,3,4213.831727406872
154,SE,3,1469.850090100755
155,SE,3,2244.560425290899
156,SE,3,898.308543652734
157,SE,3,1381.7680694061846
108,SE,2,37081.246201397706
133,SE,2,2284.730004658386
134,SE,2,743.2630432212809
135,SE,2,395.9598824941622
136,SE,2,3964.4683495857826
137,SE,2,3892.114546950457
138,SE,2,2052.142699160635
139,SE,2,333.2252122079599
143,SE,2,789.8868142103026
144,SE,2,748.6059774414955
145,SE,2,445.3565911866359
150,SE,2,839.5226652802497
152,SE,2,2362.2670723284423
154,SE,2,164.71734135783774
155,SE,2,1480.7582093355154
156,SE,2,5328.091712078907
157,SE,2,140.25044925688405
108,SE,1,118974.09097034045
133,SE,1,1974.3343911280988
134,SE,1,3383.48037573194
135,SE,1,1001.3742214734445
136,SE,1,1854.3340957475875
137,SE,1,7075.780932806815
138,SE,1,1453.9592110703811
139,SE,1,402.72885308036115
143,SE,1,734.3022086513508
144,SE,1,425.2294899746339
145,SE,1,627.6826209164196
150,SE,1,1305.987018973031
152,SE,1,426.33792868236634
154,SE,1,170.0293285276474
155,SE,1,429.02557388880166
156,SE,1,456.52169755524
157,SE,1,1020.325748061702
108,AP,3,39624.520786129426
133,AP,3,590.1443098115461
134,AP,3,11960.108766105343
135,AP,3,1205.7845851029215
136,AP,3,1572.4446005206312
137,AP,3,1940.700661186721
138,AP,3,2750.0517814132254
139,AP,3,429.13621891003874
143,AP,3,257.6211505922786
144,AP,3,209.35442747457407
145,AP,3,1096.6337604724083
150,AP,3,848.545583243065
152,AP,3,3781.6390074658766
154,AP,3,186.56117146609478
155,AP,3,1651.733578810621
156,AP,3,2369.9005588570653
157,AP,3,598.6151171936668
108,AP,2,7826.445664943414
133,AP,2,10679.397751141323
134,AP,2,9628.318838122701
135,AP,2,10660.23771898502
136,AP,2,10435.0108485891
137,AP,2,6615.010262113329
138,AP,2,10227.764180233695
139,AP,2,9633.730666189169
143,AP,2,7785.556369439447
144,AP,2,10144.689967732862
145,AP,2,9866.70700032147
150,AP,2,10346.483866173281
152,AP,2,1243.473116621669
154,AP,2,9181.467388809784
155,AP,2,8314.036832348036
156,AP,2,8750.814058909757
157,AP,2,9694.777988629088
108,AP,1,188.25340938523618
133,AP,1,809.101299226338
134,AP,1,1003.856076781505
135,AP,1,859.7945319768346
136,AP,1,890.7389038366867
137,AP,1,5450.28814975827
138,AP,1,711.6480598298735
139,AP,1,58.87134398281195
143,AP,1,446.15467566207883
144,AP,1,118.06103372410927
145,AP,1,216.14137677224699
150,AP,1,554.6640900771177
152,AP,1,9966.856580248645
154,AP,1,157.493326317175
155,AP,1,283.2808502687546
156,AP,1,260.6520613447858
157,AP,1,97.19350150772038
108,SP,3,39749097.55475854
133,SP,3,2205771.3703900347
134,SP,3,96506.66190773451
135,SP,3,178021.5882252339
136,SP,3,715338.0783875512
137,SP,3,461439.6875980049
138,SP,3,44123.63414563647
139,SP,3,803983.170421131
143,SP,3,584627.3453890013
144,SP,3,232564.81797573407
145,SP,3,725091.2283393847
150,SP,3,50371.265351728645
152,SP,3,735943.968127021
154,SP,3,170802.19765978283
155,SP,3,45333.408777644625
156,SP,3,482628.94987196446
157,SP,3,4747828.555330462
108,SP,2,420666.63878116076
133,SP,2,2049848.3293827644
134,SP,2,1959895.2772211721
135,SP,2,1568515.789225811
136,SP,2,1758943.9304406925
137,SP,2,1775124.3501854814
138,SP,2,2071664.9172000396
139,SP,2,2057855.9324960986
143,SP,2,1939818.9514985988
144,SP,2,1746162.0061366989
145,SP,2,1952616.490937492
150,SP,2,2011465.942244121
152,SP,2,1966732.2591928148
154,SP,2,1575043.6480150844
155,SP,2,1675544.532585487
156,SP,2,1377406.8213834479
157,SP,2,1793718.6834714653
108,SP,1,1845829.7715784472
133,SP,1,247044.3116704048
134,SP,1,365865.2181001594
135,SP,1,147036.14335833525
136,SP,1,21841.906545080023
137,SP,1,73898.84590377918
138,SP,1,120327.92370165864
139,SP,1,212445.42172931385
143,SP,1,86825.8030159304
144,SP,1,13189.513860499053
145,SP,1,107126.58414881997
150,SP,1,77455.05528260229
152,SP,1,178744.54924934352
154,SP,1,29403.47297836535
155,SP,1,17448.8919638433
156,SP,1,24543.786677220905
157,SP,1,68938.26450717043
108,AL,3,117779.71859815238
133,AL,3,36555.01174011044
134,AL,3,25249.647708621356
135,AL,3,5816.640166978206
136,AL,3,6803.209779135333
137,AL,3,15703.47249790078
138,AL,3,15099.21939950805
139,AL,3,3189.5833885285165
143,AL,3,6868.245038474419
144,AL,3,7981.6088329602435
145,AL,3,4818.519742529384
150,AL,3,6740.479240848644
152,AL,3,5050.052274169276
154,AL,3,8398.999616761583
155,AL,3,9783.581100571897
156,AL,3,10792.712496708606
157,AL,3,11661.686464681161
108,AL,2,2809.764069456816
133,AL,2,16473.439322140373
134,AL,2,9923.055194172946
135,AL,2,1213.751570250523
136,AL,2,5652.625426134826
137,AL,2,8329.744573713931
138,AL,2,5432.821435429876
139,AL,2,3561.02399106861
143,AL,2,2293.832320870441
144,AL,2,1104.339252813862
145,AL,2,7355.5132740424515
150,AL,2,1941.7188141154993
152,AL,2,18428.51268473262
154,AL,2,1040.7040908146766
155,AL,2,1328.8415971528111
156,AL,2,3729.221435014362
157,AL,2,11007.093071165138
108,AL,1,198726.21050758814
133,AL,1,425.75141855136167
134,AL,1,357.1175187415588
135,AL,1,3401.851050167598
136,AL,1,19172.226530356118
137,AL,1,20938.179990637836
138,AL,1,528.2431247792084
139,AL,1,3744.7585384595927
143,AL,1,4648.208062110245
144,AL,1,11493.32505765568
145,AL,1,6364.017516543627
150,AL,1,6329.9489271362745
152,AL,1,2765.7392074763507
154,AL,1,9237.328258508913
155,AL,1,5894.805648047852
156,AL,1,9319.745963995992
157,AL,1,33780.57136828227
108,SC,3,11173111.388772551
133,SC,3,677154.9271208807
134,SC,3,9759.223453191029
135,SC,3,11054.543454456489
136,SC,3,2686.379364433038
137,SC,3,9557.28064563169
138,SC,3,114824.5886925957
139,SC,3,17434.541333581994
143,SC,3,5629.654878883028
144,SC,3,81991.20047266921
145,SC,3,9498.809603949292
150,SC,3,160001.69171175477
152,SC,3,25583.006439541336
154,SC,3,32294.79029079755
155,SC,3,58086.00354632328
156,SC,3,127007.62033225679
157,SC,3,448673.5693664316
108,SC,2,8855567.324642552
133,SC,2,240694.26299588723
134,SC,2,195279.08935937367
135,SC,2,312409.9858485692
136,SC,2,348141.46452682244
137,SC,2,100477.34412792628
138,SC,2,217167.08849866
139,SC,2,355934.6581026644
143,SC,2,340009.39239283494
144,SC,2,264262.5184234672
145,SC,2,354285.33844028314
150,SC,2,238104.92998476973
152,SC,2,359540.50608612463
154,SC,2,218597.19902800946
155,SC,2,202276.865041179
156,SC,2,252676.27111792425
157,SC,2,31228.056343952292
108,SC,1,5745843.83117956
133,SC,1,145193.0707561652
134,SC,1,944902.2782618213
135,SC,1,141138.02624789797
136,SC,1,130509.78614169668
137,SC,1,104044.67235509561
138,SC,1,57176.385967374605
139,SC,1,140548.67667647803
143,SC,1,125148.11676130051
144,SC,1,100754.87057652757
145,SC,1,138107.51554347965
150,SC,1,93783.56827071373
152,SC,1,149298.93835874723
154,SC,1,97766.24928332244
155,SC,1,120716.24750038568
156,SC,1,117031.70560962224
157,SC,1,42951.70309640143
108,AC,3,7832.29440968814
133,AC,3,7932.4228230908
134,AC,3,12010.50584593429
135,AC,3,680.7500102228388
136,AC,3,4455.544396568365
137,AC,3,1230.976363998841
138,AC,3,5960.81706320485
139,AC,3,2317.744931970555
143,AC,3,7924.173011099043
144,AC,3,3447.746625856054
145,AC,3,3836.5451140150285
150,AC,3,5554.689858884519
152,AC,3,955.370845301683
154,AC,3,630.7070947436056
155,AC,3,1268.2029493855985
156,AC,3,1071.5074181923903
157,AC,3,3636.828170030817
108,AC,2,19272.38155388139
133,AC,2,3891.22088645105
134,AC,2,2361.1418289326125
135,AC,2,408.8378933011797
136,AC,2,1686.694204694164
137,AC,2,24230.888066363186
138,AC,2,638.4351248996294
139,AC,2,1112.0030748068784
143,AC,2,2336.0696745010227
144,AC,2,1301.4636376875646
145,AC,2,1648.2400156297497
150,AC,2,1959.8149534052063
152,AC,2,1219.8483910577052
154,AC,2,1217.4911683051516
155,AC,2,4712.579658260197
156,AC,2,7574.266189052987
157,AC,2,538.7371777684192
108,AC,1,21666.06698923434
133,AC,1,1213.2018531516374
134,AC,1,2060.9464041265546
135,AC,1,702.2030073529679
136,AC,1,1149.4317130862864
137,AC,1,8043.771606743116
138,AC,1,4278.564374838916
139,AC,1,891.6135868388869
143,AC,1,441.10500545823623
144,AC,1,910.167935187849
145,AC,1,3285.9745289099187
150,AC,1,1041.8913662444024
152,AC,1,4727.055726066954
154,AC,1,5854.207411134347
155,AC,1,8580.171059035887
156,AC,1,7856.137566443915
157,AC,1,2369.7381828580174
108,RR,3,6661.791820576835
133,RR,3,26.34911405115579
134,RR,3,349.0049403532014
135,RR,3,70.61944697164878
136,RR,3,88.53207023710262
137,RR,3,1544.8986954951897
138,RR,3,98.38975153793662
139,RR,3,441.9693948484802
143,RR,3,1427.0019250932155
144,RR,3,38.444275172446595
145,RR,3,160.4875599819648
150,RR,3,598.7008642457719
152,RR,3,7898.3877009196185
154,RR,3,670.869698353314
155,RR,3,1251.3933141145599
156,RR,3,1473.484551864154
157,RR,3,407.5345869456866
108,RR,2,186.51837011792406
133,RR,2,457.7592656023285
134,RR,2,209.00736974541093
135,RR,2,33.0112999829907
136,RR,2,47.88716769814177
137,RR,2,569.1944429622012
138,RR,2,590.5772692727504
139,RR,2,202.45750858263693
143,RR,2,668.6475341821515
144,RR,2,77.39662461801372
145,RR,2,19.581944124277918
150,RR,2,142.80296961932106
152,RR,2,7428.670706417137
154,RR,2,603.7970883062802
155,RR,2,1708.6882083110618
156,RR,2,2604.3317153629737
157,RR,2,24.908017522164617
108,RR,1,62.37871002857222
133,RR,1,8.132429576818364
134,RR,1,66.1087423779968
135,RR,1,98.74974585821137
136,RR,1,17.915470961133167
137,RR,1,4028.9679515094476
138,RR,1,140.89684727608585
139,RR,1,679.1562059856909
143,RR,1,1126.338877175157
144,RR,1,169.3605975977545
145,RR,1,494.11589097576496
150,RR,1,12.211973214880926
152,RR,1,3195.3103191293194
154,RR,1,996.490496744789
155,RR,1,1917.317088809569
156,RR,1,1947.8302467685503
157,RR,1,437.1441962641837
108,RO,3,3699.8230691506874
133,RO,3,2199.606169409146
134,RO,3,1075.8334925869965
135,RO,3,2329.650197423218
136,RO,3,2147.6068257835836
137,RO,3,1964.3650356587589
138,RO,3,2626.083762057238
139,RO,3,313.7329325524383
143,RO,3,788.9845368646116
144,RO,3,1714.6115982584336
145,RO,3,370.23204422896265
150,RO,3,153.80685546665734
152,RO,3,4212.05714350624
154,RO,3,1456.343799492597
155,RO,3,5217.381219928479
156,RO,3,4724.561685103516
157,RO,3,152.56058194635105
108,RO,2,6947.308755826749
133,RO,2,3578.410325546626
134,RO,2,1859.4178311009423
135,RO,2,2080.989167228954
136,RO,2,602.5898972132976
137,RO,2,2987.423254045175
138,RO,2,185.92234144831534
139,RO,2,772.1231467302736
143,RO,2,413.1112986404578
144,RO,2,773.5388133319947
145,RO,2,1475.5444491721294
150,RO,2,993.7252934664729
152,RO,2,2417.9604413759607
154,RO,2,408.9765621328541
155,RO,2,7431.200071877257
156,RO,2,6332.505432425603
157,RO,2,631.7915334507317
108,RO,1,61697.06525454062
133,RO,1,10368.33176070227
134,RO,1,1070.9561541085345
135,RO,1,8672.606705715794
136,RO,1,10091.61222975736
137,RO,1,1481.9533037061317
138,RO,1,5521.184922776937
139,RO,1,7794.359199010389
143,RO,1,5168.017921163244
144,RO,1,6815.727441450959
145,RO,1,9296.257134597325
150,RO,1,3538.8345028858666
152,RO,1,1301.1873697953795
154,RO,1,5408.802247546704
155,RO,1,741.1851256569478
156,RO,1,950.082032301596
157,RO,1,6484.581755311428
